Disciplina;Ano;Unidade Temática;Objeto de Conhecimento;Habilidade
Língua Portuguesa;1º ano;Leitura/escuta (compartilhada e autônoma);Protocolos de leitura;(EF01LP01) Reconhecer que textos são lidos e escritos da esquerda para a direita e de cima para baixo da página.
Língua Portuguesa;1º ano;Leitura/escuta (compartilhada e autônoma);Correspondência fonema-grafema;(EF01LP02) Escrever, espontaneamente ou por ditado, palavras e frases de forma alfabética – usando letras/grafemas que representem fonemas.
Língua Portuguesa;1º ano;Escrita (compartilhada e autônoma);Construção do sistema alfabético/ Convenções da escrita;(EF01LP03) Observar escritas convencionais, comparando-as às suas produções escritas, percebendo semelhanças e diferenças.
Língua Portuguesa;1º ano;Escrita (compartilhada e autônoma);Conhecimento do alfabeto do português do Brasil;(EF01LP04) Distinguir as letras do alfabeto de outros sinais gráficos.
Língua Portuguesa;1º ano;Escrita (compartilhada e autônoma);Construção do sistema alfabético;(EF01LP05) Reconhecer o sistema de escrita alfabética como representação dos sons da fala.
Língua Portuguesa;1º ano;Escrita (compartilhada e autônoma);Construção do sistema alfabético e da ortografia;(EF01LP06) Segmentar oralmente palavras em sílabas.
Língua Portuguesa;1º ano;Escrita (compartilhada e autônoma);Construção do sistema alfabético e da ortografia;(EF01LP07) Identificar fonemas e sua representação por letras.
Língua Portuguesa;1º ano;Escrita (compartilhada e autônoma);Construção do sistema alfabético e da ortografia;(EF01LP08) Relacionar elementos sonoros (sílabas, fonemas, partes de palavras) com sua representação escrita.
Língua Portuguesa;1º ano;Escrita (compartilhada e autônoma);Construção do sistema alfabético e da ortografia;(EF01LP09) Comparar palavras, identificando semelhanças e diferenças entre sons de sílabas iniciais.
Língua Portuguesa;1º ano;Análise linguística/semiótica (Alfabetização);Conhecimento do alfabeto do português do Brasil;(EF01LP10) Nomear as letras do alfabeto e recitá-lo na ordem das letras.
Língua Portuguesa;1º ano;Análise linguística/semiótica (Alfabetização);Conhecimento das diversas grafias do alfabeto/ Acentuação;(EF01LP11) Conhecer, diferenciar e relacionar letras em formato imprensa e cursiva, maiúsculas e minúsculas.
Língua Portuguesa;1º ano;Análise linguística/semiótica (Alfabetização);Segmentação de palavras/Classificação de palavras por número de sílabas;(EF01LP12) Reconhecer a separação das palavras, na escrita, por espaços em branco.
Língua Portuguesa;1º ano;Análise linguística/semiótica (Alfabetização);Construção do sistema alfabético;(EF01LP13) Comparar palavras, identificando semelhanças e diferenças entre sons de sílabas mediais e finais.
Língua Portuguesa;1º ano;Análise linguística/semiótica (Alfabetização);Pontuação;(EF01LP14) Identificar outros sinais no texto além das letras, como pontos finais, de interrogação e exclamação e seus efeitos na entonação.
Língua Portuguesa;1º ano;Análise linguística/semiótica (Alfabetização);Sinonímia e antonímia/Morfologia/Pontuação;(EF01LP15) Agrupar palavras pelo critério de aproximação de significado (sinonímia) e separar palavras pelo critério de oposição de significado (antonímia).
Língua Portuguesa;1º ano;Análise linguística/semiótica (Alfabetização);Compreensão em leitura;(EF01LP16) Ler e compreender, em colaboração com os colegas e com a ajuda do professor, quadras, quadrinhas, parlendas, trava-línguas, dentre outros gêneros do campo da vida cotidiana, considerando a situação comunicativa e o tema/assunto do texto e relacionando sua forma de organização à sua finalidade.
Língua Portuguesa;1º ano;Análise linguística/semiótica (Alfabetização);Escrita autônoma e compartilhada;(EF01LP17) Planejar e produzir, em colaboração com os colegas e com a ajuda do professor, listas, agendas, calendários, avisos, convites, receitas, instruções de montagem e legendas para álbuns, fotos ou ilustrações (digitais ou impressos), dentre outros gêneros do campo da vida cotidiana, considerando a situação comunicativa e o tema/assunto/ finalidade do texto.
Língua Portuguesa;1º ano;Análise linguística/semiótica (Alfabetização);Escrita autônoma e compartilhada;(EF01LP18) Registrar, em colaboração com os colegas e com a ajuda do professor, cantigas, quadras, quadrinhas, parlendas, trava-línguas, dentre outros gêneros do campo da vida cotidiana, considerando a situação comunicativa e o tema/assunto/finalidade do texto.
Língua Portuguesa;1º ano;Análise linguística/semiótica (Alfabetização);Produção de texto oral;(EF01LP19) Recitar parlendas, quadras, quadrinhas, trava-línguas, com entonação adequada e observando as rimas.
Língua Portuguesa;1º ano;Análise linguística/semiótica (Alfabetização);Forma de composição do texto;(EF01LP20) Identificar e reproduzir, em listas, agendas, calendários, regras, avisos, convites, receitas, instruções de montagem e legendas para álbuns, fotos ou ilustrações (digitais ou impressos), a formatação e diagramação específica de cada um desses gêneros.
Língua Portuguesa;1º ano;Análise linguística/semiótica (Alfabetização);Escrita compartilhada;(EF01LP21) Escrever, em colaboração com os colegas e com a ajuda do professor, listas de regras e regulamentos que organizam a vida na comunidade escolar, dentre outros gêneros do campo da atuação cidadã, considerando a situação comunicativa e o tema/assunto do texto.
Língua Portuguesa;1º ano;Análise linguística/semiótica (Alfabetização);Produção de textos;(EF01LP22) Planejar e produzir, em colaboração com os colegas e com a ajuda do professor, diagramas, entrevistas, curiosidades, dentre outros gêneros do campo investigativo, digitais ou impressos, considerando a situação comunicativa e o tema/assunto/finalidade do texto.
Língua Portuguesa;1º ano;Análise linguística/semiótica (Alfabetização);Planejamento de texto oral Exposição oral;(EF01LP23) Planejar e produzir, em colaboração com os colegas e com a ajuda do professor, entrevistas, curiosidades, dentre outros gêneros do campo investigativo, que possam ser repassados oralmente por meio de ferramentas digitais, em áudio ou vídeo, considerando a situação comunicativa e o tema/assunto/finalidade do texto.
Língua Portuguesa;1º ano;Análise linguística/semiótica (Alfabetização);Forma de composição dos textos/Adequação do texto às normas de escrita;(EF01LP24) Identificar e reproduzir, em enunciados de tarefas escolares, diagramas, entrevistas, curiosidades, digitais ou impressos, a formatação e diagramação específica de cada um desses gêneros, inclusive em suas versões orais.
Língua Portuguesa;1º ano;Oralidade;Escrita autônoma e compartilhada;(EF01LP25) Produzir, tendo o professor como escriba, recontagens de histórias lidas pelo professor, histórias imaginadas ou baseadas em livros de imagens, observando a forma de composição de textos narrativos (personagens, enredo, tempo e espaço).
Língua Portuguesa;1º ano;Oralidade;Formas de composição de narrativas;(EF01LP26) Identificar elementos de uma narrativa lida ou escutada, incluindo personagens, enredo, tempo e espaço.
Língua Portuguesa;1º ano, 2º ano;Leitura/escuta (compartilhada e autônoma);Decodificação/Fluência de leitura;(EF12LP01) Ler palavras novas com precisão na decodificação, no caso de palavras de uso frequente, ler globalmente, por memorização.
Língua Portuguesa;1º ano, 2º ano;Leitura/escuta (compartilhada e autônoma);Formação de leitor;(EF12LP02) Buscar, selecionar e ler, com a mediação do professor (leitura compartilhada), textos que circulam em meios impressos ou digitais, de acordo com as necessidades e interesses.
Língua Portuguesa;1º ano, 2º ano;Leitura/escuta (compartilhada e autônoma);Construção do sistema alfabético/ Estabelecimento de relações anafóricas na referenciação e construção da coesão;(EF12LP03) Copiar textos breves, mantendo suas características e voltando para o texto sempre que tiver dúvidas sobre sua distribuição gráfica, espaçamento entre as palavras, escrita das palavras e pontuação.
Língua Portuguesa;1º ano, 2º ano;Leitura/escuta (compartilhada e autônoma);Compreensão em leitura;(EF12LP04) Ler e compreender, em colaboração com os colegas e com a ajuda do professor ou já com certa autonomia, listas, agendas, calendários, avisos, convites, receitas, instruções de montagem (digitais ou impressos), dentre outros gêneros do campo da vida cotidiana, considerando a situação comunicativa e o tema/assunto do texto e relacionando sua forma de organização à sua finalidade.
Língua Portuguesa;1º ano, 2º ano;Leitura/escuta (compartilhada e autônoma);Compreensão em leitura;(EF12LP05) Planejar e produzir, em colaboração com os colegas e com a ajuda do professor, (re)contagens de histórias, poemas e outros textos versificados (letras de canção, quadrinhas, cordel), poemas visuais, tiras e histórias em quadrinhos, dentre outros gêneros do campo artístico-literário, considerando a situação comunicativa e a finalidade do texto.
Língua Portuguesa;1º ano, 2º ano;Leitura/escuta (compartilhada e autônoma);Escrita compartilhada;(EF12LP06) Planejar e produzir, em colaboração com os colegas e com a ajuda do professor, recados, avisos, convites, receitas, instruções de montagem, dentre outros gêneros do campo da vida cotidiana, que possam ser repassados oralmente por meio de ferramentas digitais, em áudio ou vídeo, considerando a situação comunicativa e o tema/assunto/finalidade do texto.
Língua Portuguesa;1º ano, 2º ano;Leitura/escuta (compartilhada e autônoma);Produção de texto oral;(EF12LP07) Identificar e (re)produzir, em cantiga, quadras, quadrinhas, parlendas, trava-línguas e canções, rimas, aliterações, assonâncias, o ritmo de fala relacionado ao ritmo e à melodia das músicas e seus efeitos de sentido.
Língua Portuguesa;1º ano, 2º ano;Leitura/escuta (compartilhada e autônoma);Forma de composição do texto;(EF12LP08) Ler e compreender, em colaboração com os colegas e com a ajuda do professor, fotolegendas em notícias, manchetes e lides em notícias, álbum de fotos digital noticioso e notícias curtas para público infantil, dentre outros gêneros do campo jornalístico, considerando a situação comunicativa e o tema/assunto do texto.
Língua Portuguesa;1º ano, 2º ano;Escrita (compartilhada e autônoma);Compreensão em leitura;(EF12LP09) Ler e compreender, em colaboração com os colegas e com a ajuda do professor, slogans, anúncios publicitários e textos de campanhas de conscientização destinados ao público infantil, dentre outros gêneros do campo publicitário, considerando a situação comunicativa e o tema/assunto do texto.
Língua Portuguesa;1º ano, 2º ano;Escrita (compartilhada e autônoma);Compreensão em leitura;(EF12LP10) Ler e compreender, em colaboração com os colegas e com a ajuda do professor, cartazes, avisos, folhetos, regras e regulamentos que organizam a vida na comunidade escolar, dentre outros gêneros do campo da atuação cidadã, considerando a situação comunicativa e o tema/assunto do texto.
Língua Portuguesa;1º ano, 2º ano;Escrita (compartilhada e autônoma);Escrita compartilhada;(EF12LP11) Escrever, em colaboração com os colegas e com a ajuda do professor, fotolegendas em notícias, manchetes e lides em notícias, álbum de fotos digital noticioso e notícias curtas para público infantil, digitais ou impressos, dentre outros gêneros do campo jornalístico, considerando a situação comunicativa e o tema/assunto do texto.
Língua Portuguesa;1º ano, 2º ano;Escrita (compartilhada e autônoma);Escrita compartilhada;(EF12LP12) Escrever, em colaboração com os colegas e com a ajuda do professor, slogans, anúncios publicitários e textos de campanhas de conscientização destinados ao público infantil, dentre outros gêneros do campo publicitário, considerando a situação comunicativa e o tema/ assunto/finalidade do texto.
Língua Portuguesa;1º ano, 2º ano;Oralidade;Produção de texto oral;(EF12LP13) Planejar, em colaboração com os colegas e com a ajuda do professor, slogans e peça de campanha de conscientização destinada ao público infantil que possam ser repassados oralmente por meio de ferramentas digitais, em áudio ou vídeo, considerando a situação comunicativa e o tema/assunto/finalidade do texto.
Língua Portuguesa;1º ano, 2º ano;Oralidade;Forma de composição do texto;(EF12LP14) Identificar e reproduzir, em fotolegendas de notícias, álbum de fotos digital noticioso, cartas de leitor (revista infantil), digitais ou impressos, a formatação e diagramação específica de cada um desses gêneros, inclusive em suas versões orais.
Língua Portuguesa;1º ano, 2º ano;Análise linguística/semiótica (Alfabetização);Forma de composição do texto;(EF12LP15) Identificar a forma de composição de slogans publicitários.
Língua Portuguesa;1º ano, 2º ano;Análise linguística/semiótica (Alfabetização);Forma de composição do texto;(EF12LP16) Identificar e reproduzir, em anúncios publicitários e textos de campanhas de conscientização destinados ao público infantil (orais e escritos, digitais ou impressos), a formatação e diagramação específica de cada um desses gêneros, inclusive o uso de imagens.
Língua Portuguesa;1º ano, 2º ano;Análise linguística/semiótica (Alfabetização);Compreensão em leitura;(EF12LP17) Ler e compreender, em colaboração com os colegas e com a ajuda do professor, enunciados de tarefas escolares, diagramas, curiosidades, pequenos relatos de experimentos, entrevistas, verbetes de enciclopédia infantil, entre outros gêneros do campo investigativo, considerando a situação comunicativa e o tema/assunto do texto.
Língua Portuguesa;1º ano, 2º ano;Análise linguística/semiótica (Alfabetização);Apreciação estética/Estilo;(EF12LP18) Apreciar poemas e outros textos versificados, observando rimas, sonoridades, jogos de palavras, reconhecendo seu pertencimento ao mundo imaginário e sua dimensão de encantamento, jogo e fruição.
Língua Portuguesa;1º ano, 2º ano;Análise linguística/semiótica (Alfabetização);Formas de composição de textos poéticos;(EF12LP19) Reconhecer, em textos versificados, rimas, sonoridades, jogos de palavras, palavras, expressões, comparações, relacionando-as com sensações e associações.
Língua Portuguesa;1º ano, 2º ano, 3º ano, 4º ano, 5º ano;Leitura/escuta (compartilhada e autônoma);Reconstrução das condições de produção e recepção de textos;(EF15LP01) Identificar a função social de textos que circulam em campos da vida social dos quais participa cotidianamente (a casa, a rua, a comunidade, a escola) e nas mídias impressa, de massa e digital, reconhecendo para que foram produzidos, onde circulam, quem os produziu e a quem se destinam.
Língua Portuguesa;1º ano, 2º ano, 3º ano, 4º ano, 5º ano;Leitura/escuta (compartilhada e autônoma);Estratégia de leitura;(EF15LP02) Estabelecer expectativas em relação ao texto que vai ler (pressuposições antecipadoras dos sentidos, da forma e da função social do texto), apoiando-se em seus conhecimentos prévios sobre as condições de produção e recepção desse texto, o gênero, o suporte e o universo temático, bem como sobre saliências textuais, recursos gráficos, imagens, dados da própria obra (índice, prefácio etc.), confirmando antecipações e inferências realizadas antes e durante a leitura de textos, checando a adequação das hipóteses realizadas.
Língua Portuguesa;1º ano, 2º ano, 3º ano, 4º ano, 5º ano;Leitura/escuta (compartilhada e autônoma);Estratégia de leitura;(EF15LP03) Localizar informações explícitas em textos.
Língua Portuguesa;1º ano, 2º ano, 3º ano, 4º ano, 5º ano;Leitura/escuta (compartilhada e autônoma);Estratégia de leitura;(EF15LP04) Identificar o efeito de sentido produzido pelo uso de recursos expressivos gráfico-visuais em textos multissemióticos.
Língua Portuguesa;1º ano, 2º ano, 3º ano, 4º ano, 5º ano;Leitura/escuta (compartilhada e autônoma);Planejamento de texto;"(EF15LP05) Planejar, com a ajuda do professor, o texto que será produzido, considerando a situação comunicativa, os interlocutores (quem escreve/para quem escreve); a finalidade ou o propósito (escrever para quê); a circulação (onde o texto vai circular); o suporte (qual é o portador do texto); a linguagem, organização e forma do texto e seu tema, pesquisando em meios impressos ou digitais, sempre que for preciso, informações necessárias à produção do texto, organizando em tópicos os dados e as fontes pesquisadas."
Língua Portuguesa;1º ano, 2º ano, 3º ano, 4º ano, 5º ano;Leitura/escuta (compartilhada e autônoma);Revisão de textos;(EF15LP06) Reler e revisar o texto produzido com a ajuda do professor e a colaboração dos colegas, para corrigi-lo e aprimorá-lo, fazendo cortes, acréscimos, reformulações, correções de ortografia e pontuação.
Língua Portuguesa;1º ano, 2º ano, 3º ano, 4º ano, 5º ano;Leitura/escuta (compartilhada e autônoma);Edição de textos;(EF15LP07) Editar a versão final do texto, em colaboração com os colegas e com a ajuda do professor, ilustrando, quando for o caso, em suporte adequado, manual ou digital.
Língua Portuguesa;1º ano, 2º ano, 3º ano, 4º ano, 5º ano;Leitura/escuta (compartilhada e autônoma);Utilização de tecnologia digital;(EF15LP08) Utilizar software, inclusive programas de edição de texto, para editar e publicar os textos produzidos, explorando os recursos multissemióticos disponíveis.
Língua Portuguesa;1º ano, 2º ano, 3º ano, 4º ano, 5º ano;Leitura/escuta (compartilhada e autônoma);Oralidade pública/Intercâmbio conversacional em sala de aula;(EF15LP09) Expressar-se em situações de intercâmbio oral com clareza, preocupando-se em ser compreendido pelo interlocutor e usando a palavra com tom de voz audível, boa articulação e ritmo adequado.
Língua Portuguesa;1º ano, 2º ano, 3º ano, 4º ano, 5º ano;Produção de textos (escrita compartilhada e autônoma);Escuta atenta;(EF15LP10) Escutar, com atenção, falas de professores e colegas, formulando perguntas pertinentes ao tema e solicitando esclarecimentos sempre que necessário.
Língua Portuguesa;1º ano, 2º ano, 3º ano, 4º ano, 5º ano;Produção de textos (escrita compartilhada e autônoma);Características da conversação espontânea;(EF15LP11) Reconhecer características da conversação espontânea presencial, respeitando os turnos de fala, selecionando e utilizando, durante a conversação, formas de tratamento adequadas, de acordo com a situação e a posição do interlocutor.
Língua Portuguesa;1º ano, 2º ano, 3º ano, 4º ano, 5º ano;Produção de textos (escrita compartilhada e autônoma);Aspectos não linguísticos (paralinguísticos) no ato da fala;(EF15LP12) Atribuir significado a aspectos não linguísticos (paralinguísticos) observados na fala, como direção do olhar, riso, gestos, movimentos da cabeça (de concordância ou discordância), expressão corporal, tom de voz.
Língua Portuguesa;1º ano, 2º ano, 3º ano, 4º ano, 5º ano;Produção de textos (escrita compartilhada e autônoma);Relato oral/Registro formal e informal;(EF15LP13) Identificar finalidades da interação oral em diferentes contextos comunicativos (solicitar informações, apresentar opiniões, informar, relatar experiências etc.).
Língua Portuguesa;1º ano, 2º ano, 3º ano, 4º ano, 5º ano;Oralidade;Leitura de imagens em narrativas visuais;(EF15LP14) Construir o sentido de histórias em quadrinhos e tirinhas, relacionando imagens e palavras e interpretando recursos gráficos (tipos de balões, de letras, onomatopeias).
Língua Portuguesa;1º ano, 2º ano, 3º ano, 4º ano, 5º ano;Oralidade;Formação do leitor literário;(EF15LP15) Reconhecer que os textos literários fazem parte do mundo do imaginário e apresentam uma dimensão lúdica, de encantamento, valorizando-os, em sua diversidade cultural, como patrimônio artístico da humanidade.
Língua Portuguesa;1º ano, 2º ano, 3º ano, 4º ano, 5º ano;Oralidade;Leitura colaborativa e autônoma;(EF15LP16) Ler e compreender, em colaboração com os colegas e com a ajuda do professor e, mais tarde, de maneira autônoma, textos narrativos de maior porte como contos (populares, de fadas, acumulativos, de assombração etc.) e crônicas.
Língua Portuguesa;1º ano, 2º ano, 3º ano, 4º ano, 5º ano;Oralidade;Apreciação estética/Estilo;(EF15LP17) Apreciar poemas visuais e concretos, observando efeitos de sentido criados pelo formato do texto na página, distribuição e diagramação das letras, pelas ilustrações e por outros efeitos visuais.
Língua Portuguesa;1º ano, 2º ano, 3º ano, 4º ano, 5º ano;Oralidade;Formação do leitor literário/Leitura multissemiótica;(EF15LP18) Relacionar texto com ilustrações e outros recursos gráficos.
Língua Portuguesa;1º ano, 2º ano, 3º ano, 4º ano, 5º ano;Oralidade;Contagem de histórias;(EF15LP19) Recontar oralmente, com e sem apoio de imagem, textos literários lidos pelo professor.
Língua Portuguesa;2º ano;Escrita (compartilhada e autônoma);Construção do sistema alfabético/ Convenções da escrita;(EF02LP01) Utilizar, ao produzir o texto, grafia correta de palavras conhecidas ou com estruturas silábicas já dominadas, letras maiúsculas em início de frases e em substantivos próprios, segmentação entre as palavras, ponto final, ponto de interrogação e ponto de exclamação.
Língua Portuguesa;2º ano;Escrita (compartilhada e autônoma);Construção do sistema alfabético e da ortografia;(EF02LP02) Segmentar palavras em sílabas e remover e substituir sílabas iniciais, mediais ou finais para criar novas palavras.
Língua Portuguesa;2º ano;Escrita (compartilhada e autônoma);Construção do sistema alfabético e da ortografia;"(EF02LP03) Ler e escrever palavras com correspondências regulares diretas entre letras e fonemas (f, v, t, d, p, b) e correspondências regulares contextuais (c e q; e e o, em posição átona em final de palavra)."
Língua Portuguesa;2º ano;Escrita (compartilhada e autônoma);Construção do sistema alfabético e da ortografia;(EF02LP04) Ler e escrever corretamente palavras com sílabas CV, V, CVC, CCV, identificando que existem vogais em todas as sílabas.
Língua Portuguesa;2º ano;Escrita (compartilhada e autônoma);Construção do sistema alfabético e da ortografia;(EF02LP05) Ler e escrever corretamente palavras com marcas de nasalidade (til, m, n).
Língua Portuguesa;2º ano;Escrita (compartilhada e autônoma);Conhecimento do alfabeto do português do Brasil;(EF02LP06) Perceber o princípio acrofônico que opera nos nomes das letras do alfabeto.
Língua Portuguesa;2º ano;Escrita (compartilhada e autônoma);Conhecimento das diversas grafias do alfabeto/ Acentuação;(EF02LP07) Escrever palavras, frases, textos curtos nas formas imprensa e cursiva.
Língua Portuguesa;2º ano;Análise linguística/semiótica (Alfabetização);Segmentação de palavras/Classificação de palavras por número de sílabas;(EF02LP08) Segmentar corretamente as palavras ao escrever frases e textos.
Língua Portuguesa;2º ano;Análise linguística/semiótica (Alfabetização);Pontuação;(EF02LP09) Usar adequadamente ponto final, ponto de interrogação e ponto de exclamação.
Língua Portuguesa;2º ano;Análise linguística/semiótica (Alfabetização);Sinonímia e antonímia/Morfologia/Pontuação;(EF02LP10) Identificar sinônimos de palavras de texto lido, determinando a diferença de sentido entre eles, e formar antônimos de palavras encontradas em texto lido pelo acréscimo do prefixo de negação in-/im-.
Língua Portuguesa;2º ano;Análise linguística/semiótica (Alfabetização);Morfologia;(EF02LP11) Formar o aumentativo e o diminutivo de palavras com os sufixos -ão e -inho/-zinho.
Língua Portuguesa;2º ano;Análise linguística/semiótica (Alfabetização);Compreensão em leitura;(EF02LP12) Ler e compreender com certa autonomia cantigas, letras de canção, dentre outros gêneros do campo da vida cotidiana, considerando a situação comunicativa e o tema/assunto do texto e relacionando sua forma de organização à sua finalidade.
Língua Portuguesa;2º ano;Análise linguística/semiótica (Alfabetização);Escrita autônoma e compartilhada;(EF02LP13) Planejar e produzir bilhetes e cartas, em meio impresso e/ou digital, dentre outros gêneros do campo da vida cotidiana, considerando a situação comunicativa e o tema/assunto/finalidade do texto.
Língua Portuguesa;2º ano;Análise linguística/semiótica (Alfabetização);Escrita autônoma e compartilhada;(EF02LP14) Planejar e produzir pequenos relatos de observação de processos, de fatos, de experiências pessoais, mantendo as características do gênero, considerando a situação comunicativa e o tema/assunto do texto.
Língua Portuguesa;2º ano;Análise linguística/semiótica (Alfabetização);Produção de texto oral;(EF02LP15) Cantar cantigas e canções, obedecendo ao ritmo e à melodia.
Língua Portuguesa;2º ano;Análise linguística/semiótica (Alfabetização);Produção de texto oral;(EF02LP16) Identificar e reproduzir, em bilhetes, recados, avisos, cartas, e-mails, receitas (modo de fazer), relatos (digitais ou impressos), a formatação e diagramação específica de cada um desses gêneros.
Língua Portuguesa;2º ano;Análise linguística/semiótica (Alfabetização);Forma de composição do texto;(EF02LP17) Identificar e reproduzir, em relatos de experiências pessoais, a sequência dos fatos, utilizando expressões que marquem a passagem do tempo (“antes”, “depois”, “ontem”, “hoje”, “amanhã”, “outro dia”, “antigamente”, “há muito tempo” etc.), e o nível de informatividade necessário.
Língua Portuguesa;2º ano;Análise linguística/semiótica (Alfabetização);Forma de composição do texto;(EF02LP18) Planejar e produzir cartazes e folhetos para divulgar eventos da escola ou da comunidade, utilizando linguagem persuasiva e elementos textuais e visuais (tamanho da letra, leiaute, imagens) adequados ao gênero, considerando a situação comunicativa e o tema/assunto do texto.
Língua Portuguesa;2º ano;Análise linguística/semiótica (Alfabetização);Escrita compartilhada;(EF02LP19) Planejar e produzir, em colaboração com os colegas e com a ajuda do professor, notícias curtas para público infantil, para compor jornal falado que possa ser repassado oralmente ou em meio digital, em áudio ou vídeo, dentre outros gêneros do campo jornalístico, considerando a situação comunicativa e o tema/assunto do texto.
Língua Portuguesa;2º ano;Análise linguística/semiótica (Alfabetização);Imagens analíticas em textos;(EF02LP20) Reconhecer a função de textos utilizados para apresentar informações coletadas em atividades de pesquisa (enquetes, pequenas entrevistas, registros de experimentações).
Língua Portuguesa;2º ano;Análise linguística/semiótica (Alfabetização);Pesquisa;(EF02LP21) Explorar, com a mediação do professor, textos informativos de diferentes ambientes digitais de pesquisa, conhecendo suas possibilidades.
Língua Portuguesa;2º ano;Análise linguística/semiótica (Alfabetização);Produção de textos;(EF02LP22) Planejar e produzir, em colaboração com os colegas e com a ajuda do professor, pequenos relatos de experimentos, entrevistas, verbetes de enciclopédia infantil, dentre outros gêneros do campo investigativo, digitais ou impressos, considerando a situação comunicativa e o tema/assunto/finalidade do texto.
Língua Portuguesa;2º ano;Leitura/escuta (compartilhada e autônoma);Escrita autônoma;(EF02LP23) Planejar e produzir, com certa autonomia, pequenos registros de observação de resultados de pesquisa, coerentes com um tema investigado.
Língua Portuguesa;2º ano;Leitura/escuta (compartilhada e autônoma);Planejamento de texto oral Exposição oral;(EF02LP24) Planejar e produzir, em colaboração com os colegas e com a ajuda do professor, relatos de experimentos, registros de observação, entrevistas, dentre outros gêneros do campo investigativo, que possam ser repassados oralmente por meio de ferramentas digitais, em áudio ou vídeo, considerando a situação comunicativa e o tema/assunto/ finalidade do texto.
Língua Portuguesa;2º ano;Leitura/escuta (compartilhada e autônoma);Forma de composição dos textos/Adequação do texto às normas de escrita;(EF02LP25) Identificar e reproduzir, em relatos de experimentos, entrevistas, verbetes de enciclopédia infantil, digitais ou impressos, a formatação e diagramação específica de cada um desses gêneros, inclusive em suas versões orais.
Língua Portuguesa;2º ano;Leitura/escuta (compartilhada e autônoma);Formação do leitor literário;(EF02LP26) Ler e compreender, com certa autonomia, textos literários, de gêneros variados, desenvolvendo o gosto pela leitura.
Língua Portuguesa;2º ano;Oralidade;Escrita autônoma e compartilhada;(EF02LP27) Reescrever textos narrativos literários lidos pelo professor.
Língua Portuguesa;2º ano;Oralidade;Formas de composição de narrativas;(EF02LP28) Reconhecer o conflito gerador de uma narrativa ficcional e sua resolução, além de palavras, expressões e frases que caracterizam personagens e ambientes.
Língua Portuguesa;2º ano;Oralidade;Formas de composição de textos poéticos visuais;(EF02LP29) Observar, em poemas visuais, o formato do texto na página, as ilustrações e outros efeitos visuais.
Língua Portuguesa;3º ano;Análise linguística/semiótica (Ortografização);Construção do sistema alfabético e da ortografia;"(EF03LP01) Ler e escrever palavras com correspondências regulares contextuais entre grafemas e fonemas – c/qu; g/gu; r/rr; s/ss; o (e não u) e e (e não i) em sílaba átona em final de palavra – e com marcas de nasalidade (til, m, n)."
Língua Portuguesa;3º ano;Análise linguística/semiótica (Ortografização);Construção do sistema alfabético e da ortografia;(EF03LP02) Ler e escrever corretamente palavras com sílabas CV, V, CVC, CCV, VC, VV, CVV, identificando que existem vogais em todas as sílabas.
Língua Portuguesa;3º ano;Análise linguística/semiótica (Ortografização);Construção do sistema alfabético e da ortografia;(EF03LP03) Ler e escrever corretamente palavras com os dígrafos lh, nh, ch.
Língua Portuguesa;3º ano;Análise linguística/semiótica (Ortografização);Conhecimento das diversas grafias do alfabeto/ Acentuação;(EF03LP04) Usar acento gráfico (agudo ou circunflexo) em monossílabos tônicos terminados em a, e, o e em palavras oxítonas terminadas em a, e, o, seguidas ou não de s.
Língua Portuguesa;3º ano;Análise linguística/semiótica (Ortografização);Segmentação de palavras/Classificação de palavras por número de sílabas;(EF03LP05) Identificar o número de sílabas de palavras, classificando-as em monossílabas, dissílabas, trissílabas e polissílabas.
Língua Portuguesa;3º ano;Análise linguística/semiótica (Ortografização);Construção do sistema alfabético;(EF03LP06) Identificar a sílaba tônica em palavras, classificando-as em oxítonas, paroxítonas e proparoxítonas.
Língua Portuguesa;3º ano;Análise linguística/semiótica (Ortografização);Pontuação;(EF03LP07) Identificar a função na leitura e usar na escrita ponto final, ponto de interrogação, ponto de exclamação e, em diálogos (discurso direto), dois-pontos e travessão.
Língua Portuguesa;3º ano;Análise linguística/semiótica (Ortografização);Morfologia;(EF03LP08) Identificar e diferenciar, em textos, substantivos e verbos e suas funções na oração: agente, ação, objeto da ação.
Língua Portuguesa;3º ano;Análise linguística/semiótica (Ortografização);Morfologia;(EF03LP09) Identificar, em textos, adjetivos e sua função de atribuição de propriedades aos substantivos.
Língua Portuguesa;3º ano;Análise linguística/semiótica (Ortografização);Morfossintaxe;(EF03LP10) Reconhecer prefixos e sufixos produtivos na formação de palavras derivadas de substantivos, de adjetivos e de verbos, utilizando-os para compreender palavras e para formar novas palavras.
Língua Portuguesa;3º ano;Análise linguística/semiótica (Ortografização);Compreensão em leitura;(EF03LP11) Ler e compreender, com autonomia, textos injuntivos instrucionais (receitas, instruções de montagem etc.), com a estrutura própria desses textos (verbos imperativos, indicação de passos a ser seguidos) e mesclando palavras, imagens e recursos gráfico- visuais, considerando a situação comunicativa e o tema/assunto do texto.
Língua Portuguesa;3º ano;Análise linguística/semiótica (Ortografização);Compreensão em leitura;(EF03LP12) Ler e compreender, com autonomia, cartas pessoais e diários, com expressão de sentimentos e opiniões, dentre outros gêneros do campo da vida cotidiana, de acordo com as convenções do gênero carta e considerando a situação comunicativa e o tema/assunto do texto.
Língua Portuguesa;3º ano;Análise linguística/semiótica (Ortografização);Escrita colaborativa;(EF03LP13) Planejar e produzir cartas pessoais e diários, com expressão de sentimentos e opiniões, dentre outros gêneros do campo da vida cotidiana, de acordo com as convenções dos gêneros carta e diário e considerando a situação comunicativa e o tema/assunto do texto.
Língua Portuguesa;3º ano;Análise linguística/semiótica (Ortografização);Escrita colaborativa;(EF03LP14) Planejar e produzir textos injuntivos instrucionais, com a estrutura própria desses textos (verbos imperativos, indicação de passos a ser seguidos) e mesclando palavras, imagens e recursos gráfico-visuais, considerando a situação comunicativa e o tema/ assunto do texto.
Língua Portuguesa;3º ano;Leitura/escuta (compartilhada e autônoma);Produção de texto oral;(EF03LP15) Assistir, em vídeo digital, a programa de culinária infantil e, a partir dele, planejar e produzir receitas em áudio ou vídeo.
Língua Portuguesa;3º ano;Leitura/escuta (compartilhada e autônoma);Forma de composição do texto;"(EF03LP16) Identificar e reproduzir, em textos injuntivos instrucionais (receitas, instruções de montagem, digitais ou impressos), a formatação própria desses textos (verbos imperativos, indicação de passos a ser seguidos) e a diagramação específica dos textos desses gêneros (lista de ingredientes ou materiais e instruções de execução – ""modo de fazer"")."
Língua Portuguesa;3º ano;Leitura/escuta (compartilhada e autônoma);Forma de composição do texto;(EF03LP17) Identificar e reproduzir, em gêneros epistolares e diários, a formatação própria desses textos (relatos de acontecimentos, expressão de vivências, emoções, opiniões ou críticas) e a diagramação específica dos textos desses gêneros (data, saudação, corpo do texto, despedida, assinatura).
Língua Portuguesa;3º ano;Leitura/escuta (compartilhada e autônoma);Compreensão em leitura;(EF03LP18) Ler e compreender, com autonomia, cartas dirigidas a veículos da mídia impressa ou digital (cartas de leitor e de reclamação a jornais, revistas) e notícias, dentre outros gêneros do campo jornalístico, de acordo com as convenções do gênero carta e considerando a situação comunicativa e o tema/assunto do texto.
Língua Portuguesa;3º ano;Leitura/escuta (compartilhada e autônoma);Compreensão em leitura;(EF03LP19) Identificar e discutir o propósito do uso de recursos de persuasão (cores, imagens, escolha de palavras, jogo de palavras, tamanho de letras) em textos publicitários e de propaganda, como elementos de convencimento.
Língua Portuguesa;3º ano;Produção de textos (escrita compartilhada e autônoma);Escrita colaborativa;(EF03LP20) Produzir cartas dirigidas a veículos da mídia impressa ou digital (cartas do leitor ou de reclamação a jornais ou revistas), dentre outros gêneros do campopo lítico-cidadão, com opiniões e críticas, de acordo com as convenções do gênero carta e considerando a situação comunicativa e o tema/assunto do texto.
Língua Portuguesa;3º ano;Produção de textos (escrita compartilhada e autônoma);Escrita colaborativa;(EF03LP21) Produzir anúncios publicitários, textos de campanhas de conscientização destinados ao público infantil, observando os recursos de persuasão utilizados nos textos publicitários e de propaganda (cores, imagens, slogan, escolha de palavras, jogo de palavras, tamanho e tipo de letras, diagramação).
Língua Portuguesa;3º ano;Produção de textos (escrita compartilhada e autônoma);Planejamento e produção de texto;(EF03LP22) Planejar e produzir, em colaboração com os colegas, telejornal para público infantil com algumas notícias e textos de campanhas que possam ser repassados oralmente ou em meio digital, em áudio ou vídeo, considerando a situação comunicativa, a organização específica da fala nesses gêneros e o tema/assunto/ finalidade dos textos.
Língua Portuguesa;3º ano;Produção de textos (escrita compartilhada e autônoma);Forma de composição dos textos;(EF03LP23) Analisar o uso de adjetivos em cartas dirigidas a veículos da mídia impressa ou digital (cartas do leitor ou de reclamação a jornais ou revistas), digitais ou impressas.
Língua Portuguesa;3º ano;Escrita (compartilhada e autônoma);Compreensão em leitura;(EF03LP24) Ler/ouvir e compreender, com autonomia, relatos de observações e de pesquisas em fontes de informações, considerando a situação comunicativa e o tema/assunto do texto.
Língua Portuguesa;3º ano;Oralidade;Produção de textos;(EF03LP25) Planejar e produzir textos para apresentar resultados de observações e de pesquisas em fontes de informações, incluindo, quando pertinente, imagens, diagramas e gráficos ou tabelas simples, considerando a situação comunicativa e o tema/assunto do texto.
Língua Portuguesa;3º ano;Oralidade;Forma de composição dos textos Adequação do texto às normas de escrita;(EF03LP26) Identificar e reproduzir, em relatórios de observação e pesquisa, a formatação e diagramação específica desses gêneros (passos ou listas de itens, tabelas, ilustrações, gráficos, resumo dos resultados), inclusive em suas versões orais.
Língua Portuguesa;3º ano;Oralidade;Performances orais;(EF03LP27) Recitar cordel e cantar repentes e emboladas, observando as rimas e obedecendo ao ritmo e à melodia.
Língua Portuguesa;3º ano, 4º ano, 5º ano;Leitura/escuta (compartilhada e autônoma);Decodificação/Fluência de leitura;(EF35LP01) Ler e compreender, silenciosamente e, em seguida, em voz alta, com autonomia e fluência, textos curtos com nível de textualidade adequado.
Língua Portuguesa;3º ano, 4º ano, 5º ano;Leitura/escuta (compartilhada e autônoma);Formação de leitor;(EF35LP02) Selecionar livros da biblioteca e/ou do cantinho de leitura da sala de aula e/ou disponíveis em meios digitais para leitura individual, justificando a escolha e compartilhando com os colegas sua opinião, após a leitura.
Língua Portuguesa;3º ano, 4º ano, 5º ano;Leitura/escuta (compartilhada e autônoma);Compreensão;(EF35LP03) Identificar a ideia central do texto, demonstrando compreensão global.
Língua Portuguesa;3º ano, 4º ano, 5º ano;Leitura/escuta (compartilhada e autônoma);Estratégia de leitura;(EF35LP04) Inferir informações implícitas nos textos lidos.
Língua Portuguesa;3º ano, 4º ano, 5º ano;Leitura/escuta (compartilhada e autônoma);Estratégia de leitura;(EF35LP05) Inferir o sentido de palavras ou expressões desconhecidas em textos, com base no contexto da frase ou do texto.
Língua Portuguesa;3º ano, 4º ano, 5º ano;Leitura/escuta (compartilhada e autônoma);Estratégia de leitura;(EF35LP06) Recuperar relações entre partes de um texto, identificando substituições lexicais (de substantivos por sinônimos) ou pronominais (uso de pronomes anafóricos – pessoais, possessivos, demonstrativos) que contribuem para a continuidade do texto.
Língua Portuguesa;3º ano, 4º ano, 5º ano;Leitura/escuta (compartilhada e autônoma);Construção do sistema alfabético/ Convenções da escrita;(EF35LP07) Utilizar, ao produzir um texto, conhecimentos linguísticos e gramaticais, tais como ortografia, regras básicas de concordância nominal e verbal, pontuação (ponto final, ponto de exclamação, ponto de interrogação, vírgulas em enumerações) e pontuação do discurso direto, quando for o caso.
Língua Portuguesa;3º ano, 4º ano, 5º ano;Leitura/escuta (compartilhada e autônoma);Construção do sistema alfabético/ Estabelecimento de relações anafóricas na referenciação e construção da coesão;(EF35LP08) Utilizar, ao produzir um texto, recursos de referenciação (por substituição lexical ou por pronomes pessoais, possessivos e demonstrativos), vocabulário apropriado ao gênero, recursos de coesão pronominal (pronomes anafóricos) e articuladores de relações de sentido (tempo, causa, oposição, conclusão, comparação), com nível suficiente de informatividade.
Língua Portuguesa;3º ano, 4º ano, 5º ano;Leitura/escuta (compartilhada e autônoma);Planejamento de texto/Progressão temática e paragrafação;(EF35LP09) Organizar o texto em unidades de sentido, dividindo-o em parágrafos segundo as normas gráficas e de acordo com as características do gênero textual.
Língua Portuguesa;3º ano, 4º ano, 5º ano;Leitura/escuta (compartilhada e autônoma);Forma de composição de gêneros orais;(EF35LP10) Identificar gêneros do discurso oral, utilizados em diferentes situações e contextos comunicativos, e suas características linguístico-expressivas e composicionais (conversação espontânea, conversação telefônica, entrevistas pessoais, entrevistas no rádio ou na TV, debate, noticiário de rádio e TV, narração de jogos esportivos no rádio e TV, aula, debate etc.).
Língua Portuguesa;3º ano, 4º ano, 5º ano;Leitura/escuta (compartilhada e autônoma);Variação linguística;(EF35LP11) Ouvir gravações, canções, textos falados em diferentes variedades linguísticas, identificando características regionais, urbanas e rurais da fala e respeitando as diversas variedades linguísticas como características do uso da língua por diferentes grupos regionais ou diferentes culturas locais, rejeitando preconceitos linguísticos.
Língua Portuguesa;3º ano, 4º ano, 5º ano;Produção de textos (escrita compartilhada e autônoma);Construção do sistema alfabético e da ortografia;(EF35LP12) Recorrer ao dicionário para esclarecer dúvida sobre a escrita de palavras, especialmente no caso de palavras com relações irregulares fonema-grafema.
Língua Portuguesa;3º ano, 4º ano, 5º ano;Produção de textos (escrita compartilhada e autônoma);Construção do sistema alfabético e da ortografia;(EF35LP13) Memorizar a grafia de palavras de uso frequente nas quais as relações fonema-grafema são irregulares e com h inicial que não representa fonema.
Língua Portuguesa;3º ano, 4º ano, 5º ano;Produção de textos (escrita compartilhada e autônoma);Morfologia;(EF35LP14) Identificar em textos e usar na produção textual pronomes pessoais, possessivos e demonstrativos, como recurso coesivo anafórico.
Língua Portuguesa;3º ano, 4º ano, 5º ano;Produção de textos (escrita compartilhada e autônoma);Escrita colaborativa;(EF35LP15) Opinar e defender ponto de vista sobre tema polêmico relacionado a situações vivenciadas na escola e/ou na comunidade, utilizando registro formal e estrutura adequada à argumentação, considerando a situação comunicativa e o tema/assunto do texto.
Língua Portuguesa;3º ano, 4º ano, 5º ano;Produção de textos (escrita compartilhada e autônoma);Forma de composição dos textos;(EF35LP16) Identificar e reproduzir, em notícias, manchetes, lides e corpo de notícias simples para público infantil e cartas de reclamação (revista infantil), digitais ou impressos, a formatação e diagramação específica de cada um desses gêneros, inclusive em suas versões orais.
Língua Portuguesa;3º ano, 4º ano, 5º ano;Produção de textos (escrita compartilhada e autônoma);Pesquisa;(EF35LP17) Buscar e selecionar, com o apoio do professor, informações de interesse sobre fenômenos sociais e naturais, em textos que circulam em meios impressos ou digitais.
Língua Portuguesa;3º ano, 4º ano, 5º ano;Produção de textos (escrita compartilhada e autônoma);Escuta de textos orais;(EF35LP18) Escutar, com atenção, apresentações de trabalhos realizadas por colegas, formulando perguntas pertinentes ao tema e solicitando esclarecimentos sempre que necessário.
Língua Portuguesa;3º ano, 4º ano, 5º ano;Oralidade;Compreensão de textos orais;(EF35LP19) Recuperar as ideias principais em situações formais de escuta de exposições, apresentações e palestras.
Língua Portuguesa;3º ano, 4º ano, 5º ano;Oralidade;Planejamento de texto oral Exposição oral;(EF35LP20) Expor trabalhos ou pesquisas escolares, em sala de aula, com apoio de recursos multissemióticos (imagens, diagrama, tabelas etc.), orientando-se por roteiro escrito, planejando o tempo de fala e adequando a linguagem à situação comunicativa.
Língua Portuguesa;3º ano, 4º ano, 5º ano;Oralidade;Formação do leitor literário;(EF35LP21) Ler e compreender, de forma autônoma, textos literários de diferentes gêneros e extensões, inclusive aqueles sem ilustrações, estabelecendo preferências por gêneros, temas, autores.
Língua Portuguesa;3º ano, 4º ano, 5º ano;Oralidade;Formação do leitor literário/ Leitura multissemiótica;(EF35LP22) Perceber diálogos em textos narrativos, observando o efeito de sentido de verbos de enunciação e, se for o caso, o uso de variedades linguísticas no discurso direto.
Língua Portuguesa;3º ano, 4º ano, 5º ano;Oralidade;Apreciação estética/Estilo;(EF35LP23) Apreciar poemas e outros textos versificados, observando rimas, aliterações e diferentes modos de divisão dos versos, estrofes e refrões e seu efeito de sentido.
Língua Portuguesa;3º ano, 4º ano, 5º ano;Oralidade;Textos dramáticos;(EF35LP24) Identificar funções do texto dramático (escrito para ser encenado) e sua organização por meio de diálogos entre personagens e marcadores das falas das personagens e de cena.
Língua Portuguesa;3º ano, 4º ano, 5º ano;Análise linguística/semiótica (Ortografização);Escrita autônoma e compartilhada;(EF35LP25) Criar narrativas ficcionais, com certa autonomia, utilizando detalhes descritivos, sequências de eventos e imagens apropriadas para sustentar o sentido do texto, e marcadores de tempo, espaço e de fala de personagens.
Língua Portuguesa;3º ano, 4º ano, 5º ano;Análise linguística/semiótica (Ortografização);Escrita autônoma e compartilhada;(EF35LP26) Ler e compreender, com certa autonomia, narrativas ficcionais que apresentem cenários e personagens, observando os elementos da estrutura narrativa: enredo, tempo, espaço, personagens, narrador e a construção do discurso indireto e discurso direto.
Língua Portuguesa;3º ano, 4º ano, 5º ano;Análise linguística/semiótica (Ortografização);Escrita autônoma;(EF35LP27) Ler e compreender, com certa autonomia, textos em versos, explorando rimas, sons e jogos de palavras, imagens poéticas (sentidos figurados) e recursos visuais e sonoros.
Língua Portuguesa;3º ano, 4º ano, 5º ano;Análise linguística/semiótica (Ortografização);Declamação;(EF35LP28) Declamar poemas, com entonação, postura e interpretação adequadas.
Língua Portuguesa;3º ano, 4º ano, 5º ano;Análise linguística/semiótica (Ortografização);Formas de composição de narrativas;(EF35LP29) Identificar, em narrativas, cenário, personagem central, conflito gerador, resolução e o ponto de vista com base no qual histórias são narradas, diferenciando narrativas em primeira e terceira pessoas.
Língua Portuguesa;3º ano, 4º ano, 5º ano;Análise linguística/semiótica (Ortografização);Discurso direto e indireto;(EF35LP30) Diferenciar discurso indireto e discurso direto, determinando o efeito de sentido de verbos de enunciação e explicando o uso de variedades linguísticas no discurso direto, quando for o caso.
Língua Portuguesa;3º ano, 4º ano, 5º ano;Análise linguística/semiótica (Ortografização);Forma de composição de textos poéticos;(EF35LP31) Identificar, em textos versificados, efeitos de sentido decorrentes do uso de recursos rítmicos e sonoros e de metáforas.
Língua Portuguesa;4º ano;Análise linguística/semiótica (Ortografização);Construção do sistema alfabético e da ortografia;(EF04LP01) Grafar palavras utilizando regras de correspondência fonema--grafema regulares diretas e contextuais.
Língua Portuguesa;4º ano;Análise linguística/semiótica (Ortografização);Construção do sistema alfabético e da ortografia;(EF04LP02) Ler e escrever, corretamente, palavras com sílabas VV e CVV em casos nos quais a combinação VV (ditongo) é reduzida na língua oral (ai, ei, ou).
Língua Portuguesa;4º ano;Análise linguística/semiótica (Ortografização);Conhecimento do alfabeto do português do Brasil/Ordem alfabética/Polissemia;(EF04LP03) Localizar palavras no dicionário para esclarecer significados, reconhecendo o significado mais plausível para o contexto que deu origem à consulta.
Língua Portuguesa;4º ano;Análise linguística/semiótica (Ortografização);Conhecimento das diversas grafias do alfabeto/ Acentuação;(EF04LP04) Usar acento gráfico (agudo ou circunflexo) em paroxítonas terminadas em -i(s), -l, -r, -ão(s).
Língua Portuguesa;4º ano;Análise linguística/semiótica (Ortografização);Pontuação;(EF04LP05) Identificar a função na leitura e usar, adequadamente, na escrita ponto final, de interrogação, de exclamação, dois-pontos e travessão em diálogos (discurso direto), vírgula em enumerações e em separação de vocativo e de aposto.
Língua Portuguesa;4º ano;Análise linguística/semiótica (Ortografização);Morfologia/Morfossintaxe;(EF04LP06) Identificar em textos e usar na produção textual a concordância entre substantivo ou pronome pessoal e verbo (concordância verbal).
Língua Portuguesa;4º ano;Análise linguística/semiótica (Ortografização);Morfossintaxe;(EF04LP07) Identificar em textos e usar na produção textual a concordância entre artigo, substantivo e adjetivo (concordância no grupo nominal).
Língua Portuguesa;4º ano;Análise linguística/semiótica (Ortografização);Morfologia;(EF04LP08) Reconhecer e grafar, corretamente, palavras derivadas com os sufixos -agem, -oso, -eza, -izar/-isar (regulares morfológicas).
Língua Portuguesa;4º ano;Análise linguística/semiótica (Ortografização);Compreensão em leitura;(EF04LP09) Ler e compreender, com autonomia, boletos, faturas e carnês, dentre outros gêneros do campo da vida cotidiana, de acordo com as convenções do gênero (campos, itens elencados, medidas de consumo, código de barras) e considerando a situação comunicativa e a finalidade do texto.
Língua Portuguesa;4º ano;Análise linguística/semiótica (Ortografização);Compreensão em leitura;(EF04LP10) Ler e compreender, com autonomia, cartas pessoais de reclamação, dentre outros gêneros do campo da vida cotidiana, de acordo com as convenções do gênero carta e considerando a situação comunicativa e o tema/assunto/finalidade do texto.
Língua Portuguesa;4º ano;Análise linguística/semiótica (Ortografização);Compreensão em leitura;(EF04LP11) Planejar e produzir, com autonomia, cartas pessoais de reclamação, dentre outros gêneros do campo da vida cotidiana, de acordo com as convenções do gênero carta e com a estrutura própria desses textos (problema, opinião, argumentos), considerando a situação comunicativa e o tema/assunto/finalidade do texto.
Língua Portuguesa;4º ano;Análise linguística/semiótica (Ortografização);Escrita colaborativa;(EF04LP12) Assistir, em vídeo digital, a programa infantil com instruções de montagem, de jogos e brincadeiras e, a partir dele, planejar e produzir tutoriais em áudio ou vídeo.
Língua Portuguesa;4º ano;Análise linguística/semiótica (Ortografização);Produção de texto oral;(EF04LP13) Identificar e reproduzir, em textos injuntivos instrucionais (instruções de jogos digitais ou impressos), a formatação própria desses textos (verbos imperativos, indicação de passos a ser seguidos) e formato específico dos textos orais ou escritos desses gêneros (lista/ apresentação de materiais e instruções/passos de jogo).
Língua Portuguesa;4º ano;Análise linguística/semiótica (Ortografização);Forma de composição do texto;(EF04LP14) Identificar, em notícias, fatos, participantes, local e momento/tempo da ocorrência do fato noticiado.
Língua Portuguesa;4º ano;Leitura/escuta (compartilhada e autônoma);Compreensão em leitura;(EF04LP15) Distinguir fatos de opiniões/sugestões em textos (informativos, jornalísticos, publicitários etc.).
Língua Portuguesa;4º ano;Leitura/escuta (compartilhada e autônoma);Compreensão em leitura;(EF04LP16) Produzir notícias sobre fatos ocorridos no universo escolar, digitais ou impressas, para o jornal da escola, noticiando os fatos e seus atores e comentando decorrências, de acordo com as convenções do gênero notícia e considerando a situação comunicativa e o tema/assunto do texto.
Língua Portuguesa;4º ano;Leitura/escuta (compartilhada e autônoma);Escrita colaborativa;(EF04LP17) Produzir jornais radiofônicos ou televisivos e entrevistas veiculadas em rádio, TV e na internet, orientando-se por roteiro ou texto e demonstrando conhecimento dos gêneros jornal falado/televisivo e entrevista.
Língua Portuguesa;4º ano;Leitura/escuta (compartilhada e autônoma);Planejamento e produção de texto;(EF04LP18) Analisar o padrão entonacional e a expressão facial e corporal de âncoras de jornais radiofônicos ou televisivos e de entrevistadores/entrevistados.
Língua Portuguesa;4º ano;Leitura/escuta (compartilhada e autônoma);Forma de composição dos textos;(EF04LP19) Ler e compreender textos expositivos de divulgação científica para crianças, considerando a situação comunicativa e o tema/ assunto do texto.
Língua Portuguesa;4º ano;Leitura/escuta (compartilhada e autônoma);Imagens analíticas em textos;(EF04LP20) Reconhecer a função de gráficos, diagramas e tabelas em textos, como forma de apresentação de dados e informações.
Língua Portuguesa;4º ano;Produção de textos (escrita compartilhada e autônoma);Produção de textos;(EF04LP21) Planejar e produzir textos sobre temas de interesse, com base em resultados de observações e pesquisas em fontes de informações impressas ou eletrônicas, incluindo, quando pertinente, imagens e gráficos ou tabelas simples, considerando a situação comunicativa e o tema/assunto do texto.
Língua Portuguesa;4º ano;Produção de textos (escrita compartilhada e autônoma);Escrita autônoma;(EF04LP22) Planejar e produzir, com certa autonomia, verbetes de enciclopédia infantil, digitais ou impressos, considerando a situação comunicativa e o tema/ assunto/finalidade do texto.
Língua Portuguesa;4º ano;Produção de textos (escrita compartilhada e autônoma);Escrita autônoma;(EF04LP23) Identificar e reproduzir, em verbetes de enciclopédia infantil, digitais ou impressos, a formatação e diagramação específica desse gênero (título do verbete, definição, detalhamento, curiosidades), considerando a situação comunicativa e o tema/assunto/finalidade do texto.
Língua Portuguesa;4º ano;Produção de textos (escrita compartilhada e autônoma);Forma de composição dos textos Coesão e articuladores;(EF04LP24) Identificar e reproduzir, em seu formato, tabelas, diagramas e gráficos em relatórios de observação e pesquisa, como forma de apresentação de dados e informações.
Língua Portuguesa;4º ano;Produção de textos (escrita compartilhada e autônoma);Forma de composição dos textos Adequação do texto às normas de escrita;(EF04LP25) Representar cenas de textos dramáticos, reproduzindo as falas das personagens, de acordo com as rubricas de interpretação e movimento indicadas pelo autor.
Língua Portuguesa;4º ano;Oralidade;Forma de composição de textos poéticos visuais;(EF04LP26) Observar, em poemas concretos, o formato, a distribuição e a diagramação das letras do texto na página.
Língua Portuguesa;4º ano;Oralidade;Forma de composição de textos dramáticos;(EF04LP27) Identificar, em textos dramáticos, marcadores das falas das personagens e de cena.
Língua Portuguesa;5º ano;Análise linguística/semiótica (Ortografização);Construção do sistema alfabético e da ortografia;(EF05LP01) Grafar palavras utilizando regras de correspondência fonema-grafema regulares, contextuais e morfológicas e palavras de uso frequente com correspondências irregulares.
Língua Portuguesa;5º ano;Análise linguística/semiótica (Ortografização);Conhecimento do alfabeto do português do Brasil/Ordem alfabética/Polissemia;(EF05LP02) Identificar o caráter polissêmico das palavras (uma mesma palavra com diferentes significados, de acordo com o contexto de uso), comparando o significado de determinados termos utilizados nas áreas científicas com esses mesmos termos utilizados na linguagem usual.
Língua Portuguesa;5º ano;Análise linguística/semiótica (Ortografização);Conhecimento das diversas grafias do alfabeto/ Acentuação;(EF05LP03) Acentuar corretamente palavras oxítonas, paroxítonas e proparoxítonas.
Língua Portuguesa;5º ano;Análise linguística/semiótica (Ortografização);Pontuação;(EF05LP04) Diferenciar, na leitura de textos, vírgula, ponto e vírgula, dois-pontos e reconhecer, na leitura de textos, o efeito de sentido que decorre do uso de reticências, aspas, parênteses.
Língua Portuguesa;5º ano;Análise linguística/semiótica (Ortografização);Morfologia;(EF05LP05) Identificar a expressão de presente, passado e futuro em tempos verbais do modo indicativo.
Língua Portuguesa;5º ano;Análise linguística/semiótica (Ortografização);Morfologia;(EF05LP06) Flexionar, adequadamente, na escrita e na oralidade, os verbos em concordância com pronomes pessoais/nomes sujeitos da oração.
Língua Portuguesa;5º ano;Análise linguística/semiótica (Ortografização);Morfologia;(EF05LP07) Identificar, em textos, o uso de conjunções e a relação que estabelecem entre partes do texto: adição, oposição, tempo, causa, condição, finalidade.
Língua Portuguesa;5º ano;Análise linguística/semiótica (Ortografização);Morfologia;(EF05LP08) Diferenciar palavras primitivas, derivadas e compostas, e derivadas por adição de prefixo e de sufixo.
Língua Portuguesa;5º ano;Análise linguística/semiótica (Ortografização);Compreensão em leitura;(EF05LP09) Ler e compreender, com autonomia, textos instrucional de regras de jogo, dentre outros gêneros do campo da vida cotidiana, de acordo com as convenções do gênero e considerando a situação comunicativa e a finalidade do texto.
Língua Portuguesa;5º ano;Análise linguística/semiótica (Ortografização);Compreensão em leitura;(EF05LP10) Ler e compreender, com autonomia, anedotas, piadas e cartuns, dentre outros gêneros do campo da vida cotidiana, de acordo com as convenções do gênero e considerando a situação comunicativa e a finalidade do texto.
Língua Portuguesa;5º ano;Análise linguística/semiótica (Ortografização);Escrita colaborativa;(EF05LP11) Registrar, com autonomia, anedotas, piadas e cartuns, dentre outros gêneros do campo da vida cotidiana, de acordo com as convenções do gênero e considerando a situação comunicativa e a finalidade do texto.
Língua Portuguesa;5º ano;Análise linguística/semiótica (Ortografização);Escrita colaborativa;(EF05LP12) Planejar e produzir, com autonomia, textos instrucionais de regras de jogo, dentre outros gêneros do campo da vida cotidiana, de acordo com as convenções do gênero e considerando a situação comunicativa e a finalidade do texto.
Língua Portuguesa;5º ano;Análise linguística/semiótica (Ortografização);Produção de texto oral;(EF05LP13) Assistir, em vídeo digital, a postagem de vlog infantil de críticas de brinquedos e livros de literatura infantil e, a partir dele, planejar e produzir resenhas digitais em áudio ou vídeo.
Língua Portuguesa;5º ano;Análise linguística/semiótica (Ortografização);Forma de composição do texto;(EF05LP14) Identificar e reproduzir, em textos de resenha crítica de brinquedos ou livros de literatura infantil, a formatação própria desses textos (apresentação e avaliação do produto).
Língua Portuguesa;5º ano;Leitura/escuta (compartilhada e autônoma);Compreensão em leitura;(EF05LP15) Ler/assistir e compreender, com autonomia, notícias, reportagens, vídeos em vlogs argumentativos, dentre outros gêneros do campo político-cidadão, de acordo com as convenções dos gêneros e considerando a situação comunicativa e o tema/assunto do texto.
Língua Portuguesa;5º ano;Leitura/escuta (compartilhada e autônoma);Compreensão em leitura;(EF05LP16) Comparar informações sobre um mesmo fato veiculadas em diferentes mídias e concluir sobre qual é mais confiável e por quê.
Língua Portuguesa;5º ano;Leitura/escuta (compartilhada e autônoma);Escrita colaborativa;(EF05LP17) Produzir roteiro para edição de uma reportagem digital sobre temas de interesse da turma, a partir de buscas de informações, imagens, áudios e vídeos na internet, de acordo com as convenções do gênero e considerando a situação comunicativa e o tema/assunto do texto.
Língua Portuguesa;5º ano;Leitura/escuta (compartilhada e autônoma);Planejamento e produção de texto;(EF05LP18) Roteirizar, produzir e editar vídeo para vlogs argumentativos sobre produtos de mídia para público infantil (filmes, desenhos animados, HQs, games etc.), com base em conhecimentos sobre os mesmos, de acordo com as convenções do gênero e considerando a situação comunicativa e o tema/ assunto/finalidade do texto.
Língua Portuguesa;5º ano;Leitura/escuta (compartilhada e autônoma);Produção de texto;(EF05LP19) Argumentar oralmente sobre acontecimentos de interesse social, com base em conhecimentos sobre fatos divulgados em TV, rádio, mídia impressa e digital, respeitando pontos de vista diferentes.
Língua Portuguesa;5º ano;Leitura/escuta (compartilhada e autônoma);Forma de composição dos textos;(EF05LP20) Analisar a validade e força de argumentos em argumentações sobre produtos de mídia para público infantil (filmes, desenhos animados, HQs, games etc.), com base em conhecimentos sobre os mesmos.
Língua Portuguesa;5º ano;Produção de textos (escrita compartilhada e autônoma);Forma de composição dos textos;(EF05LP21) Analisar o padrão entonacional, a expressão facial e corporal e as escolhas de variedade e registro linguísticos de vloggers de vlogs opinativos ou argumentativos.
Língua Portuguesa;5º ano;Produção de textos (escrita compartilhada e autônoma);Compreensão em leitura;(EF05LP22) Ler e compreender verbetes de dicionário, identificando a estrutura, as informações gramaticais (significado de abreviaturas) e as informações semânticas.
Língua Portuguesa;5º ano;Produção de textos (escrita compartilhada e autônoma);Imagens analíticas em textos;(EF05LP23) Comparar informações apresentadas em gráficos ou tabelas.
Língua Portuguesa;5º ano;Escrita (compartilhada e autônoma);Produção de textos;(EF05LP24) Planejar e produzir texto sobre tema de interesse, organizando resultados de pesquisa em fontes de informação impressas ou digitais, incluindo imagens e gráficos ou tabelas, considerando a situação comunicativa e o tema/assunto do texto.
Língua Portuguesa;5º ano;Oralidade;Performances orais;(EF05LP25) Planejar e produzir, com certa autonomia, verbetes de dicionário, digitais ou impressos, considerando a situação comunicativa e o tema/assunto/finalidade do texto.
Língua Portuguesa;5º ano;Oralidade;Forma de composição dos textos  Adequação do texto às normas de escrita;(EF05LP26) Utilizar, ao produzir o texto, conhecimentos linguísticos e gramaticais: regras sintáticas de concordância nominal e verbal, convenções de escrita de citações, pontuação (ponto final, dois-pontos, vírgulas em enumerações) e regras ortográficas.
Língua Portuguesa;5º ano;Oralidade;Forma de composição dos textos  Coesão e articuladores;(EF05LP27) Utilizar, ao produzir o texto, recursos de coesão pronominal (pronomes anafóricos) e articuladores de relações de sentido (tempo, causa, oposição, conclusão, comparação), com nível adequado de informatividade.
Língua Portuguesa;5º ano;Oralidade;Forma de composição de textos poéticos visuais;(EF05LP28) Observar, em ciberpoemas e minicontos infantis em mídia digital, os recursos multissemióticos presentes nesses textos digitais.
Arte;1º ano, 2º ano, 3º ano, 4º ano, 5º ano;Artes visuais;Contextos e práticas;(EF15AR01) Identificar e apreciar formas distintas das artes visuais tradicionais e contemporâneas, cultivando a percepção, o imaginário, a capacidade de simbolizar e o repertório imagético.
Arte;1º ano, 2º ano, 3º ano, 4º ano, 5º ano;Artes visuais;Elementos da linguagem;(EF15AR02) Explorar e reconhecer elementos constitutivos das artes visuais (ponto, linha, forma, cor, espaço, movimento etc.).
Arte;1º ano, 2º ano, 3º ano, 4º ano, 5º ano;Artes visuais;Matrizes estéticas e culturais;(EF15AR03) Reconhecer e analisar a influência de distintas matrizes estéticas e culturais das artes visuais nas manifestações artísticas das culturas locais, regionais e nacionais.
Arte;1º ano, 2º ano, 3º ano, 4º ano, 5º ano;Artes visuais;Materialidades;(EF15AR04) Experimentar diferentes formas de expressão artística (desenho, pintura, colagem, quadrinhos, dobradura, escultura, modelagem, instalação, vídeo, fotografia etc.), fazendo uso sustentável de materiais, instrumentos, recursos e técnicas convencionais e não convencionais.
Arte;1º ano, 2º ano, 3º ano, 4º ano, 5º ano;Artes visuais;Processos de criação;(EF15AR05) Experimentar a criação em artes visuais de modo individual, coletivo e colaborativo, explorando diferentes espaços da escola e da comunidade.
Arte;1º ano, 2º ano, 3º ano, 4º ano, 5º ano;Artes visuais;Processos de criação;(EF15AR06) Dialogar sobre a sua criação e as dos colegas, para alcançar sentidos plurais.
Arte;1º ano, 2º ano, 3º ano, 4º ano, 5º ano;Artes visuais;Sistemas da linguagem;(EF15AR07) Reconhecer algumas categorias do sistema das artes visuais (museus, galerias, instituições, artistas, artesãos, curadores etc.).
Arte;1º ano, 2º ano, 3º ano, 4º ano, 5º ano;Dança;Contextos e práticas;(EF15AR08) Experimentar e apreciar formas distintas de manifestações da dança presentes em diferentes contextos, cultivando a percepção, o imaginário, a capacidade de simbolizar e o repertório corporal.
Arte;1º ano, 2º ano, 3º ano, 4º ano, 5º ano;Dança;Elementos da linguagem;(EF15AR09) Estabelecer relações entre as partes do corpo e destas com o todo corporal na construção do movimento dançado.
Arte;1º ano, 2º ano, 3º ano, 4º ano, 5º ano;Dança;Elementos da linguagem;(EF15AR10) Experimentar diferentes formas de orientação no espaço (deslocamentos, planos, direções, caminhos etc.) e ritmos de movimento (lento, moderado e rápido) na construção do movimento dançado.
Arte;1º ano, 2º ano, 3º ano, 4º ano, 5º ano;Dança;Processos de criação;(EF15AR11) Criar e improvisar movimentos dançados de modo individual, coletivo e colaborativo, considerando os aspectos estruturais, dinâmicos e expressivos dos elementos constitutivos do movimento, com base nos códigos de dança.
Arte;1º ano, 2º ano, 3º ano, 4º ano, 5º ano;Dança;Processos de criação;(EF15AR12) Discutir, com respeito e sem preconceito, as experiências pessoais e coletivas em dança vivenciadas na escola, como fonte para a construção de vocabulários e repertórios próprios.
Arte;1º ano, 2º ano, 3º ano, 4º ano, 5º ano;Música;Contextos e práticas;(EF15AR13) Identificar e apreciar criticamente diversas formas e gêneros de expressão musical, reconhecendo e analisando os usos e as funções da música em diversos contextos de circulação, em especial, aqueles da vida cotidiana.
Arte;1º ano, 2º ano, 3º ano, 4º ano, 5º ano;Música;Elementos da linguagem;(EF15AR14) Perceber e explorar os elementos constitutivos da música (altura, intensidade, timbre, melodia, ritmo etc.), por meio de jogos, brincadeiras, canções e práticas diversas de composição/criação, execução e apreciação musical.
Arte;1º ano, 2º ano, 3º ano, 4º ano, 5º ano;Música;Materialidades;(EF15AR15) Explorar fontes sonoras diversas, como as existentes no próprio corpo (palmas, voz, percussão corporal), na natureza e em objetos cotidianos, reconhecendo os elementos constitutivos da música e as características de instrumentos musicais variados.
Arte;1º ano, 2º ano, 3º ano, 4º ano, 5º ano;Música;Notação e registro musical;(EF15AR16) Explorar diferentes formas de registro musical não convencional (representação gráfica de sons, partituras criativas etc.), bem como procedimentos e técnicas de registro em áudio e audiovisual, e reconhecer a notação musical convencional.
Arte;1º ano, 2º ano, 3º ano, 4º ano, 5º ano;Música;Processos de criação;(EF15AR17) Experimentar improvisações, composições e sonorização de histórias, entre outros, utilizando vozes, sons corporais e/ou instrumentos musicais convencionais ou não convencionais, de modo individual, coletivo e colaborativo.
Arte;1º ano, 2º ano, 3º ano, 4º ano, 5º ano;Teatro;Contextos e práticas;(EF15AR18) Reconhecer e apreciar formas distintas de manifestações do teatro presentes em diferentes contextos, aprendendo a ver e a ouvir histórias dramatizadas e cultivando a percepção, o imaginário, a capacidade de simbolizar e o repertório ficcional.
Arte;1º ano, 2º ano, 3º ano, 4º ano, 5º ano;Teatro;Elementos da linguagem;(EF15AR19) Descobrir teatralidades na vida cotidiana, identificando elementos teatrais (variadas entonações de voz, diferentes fisicalidades, diversidade de personagens e narrativas etc.).
Arte;1º ano, 2º ano, 3º ano, 4º ano, 5º ano;Teatro;Processos de criação;(EF15AR20) Experimentar o trabalho colaborativo, coletivo e autoral em improvisações teatrais e processos narrativos criativos em teatro, explorando desde a teatralidade dos gestos e das ações do cotidiano até elementos de diferentes matrizes estéticas e culturais.
Arte;1º ano, 2º ano, 3º ano, 4º ano, 5º ano;Teatro;Processos de criação;(EF15AR21) Exercitar a imitação e o faz de conta, ressignificando objetos e fatos e experimentando-se no lugar do outro, ao compor e encenar acontecimentos cênicos, por meio de músicas, imagens, textos ou outros pontos de partida, de forma intencional e reflexiva.
Arte;1º ano, 2º ano, 3º ano, 4º ano, 5º ano;Teatro;Processos de criação;(EF15AR22) Experimentar possibilidades criativas de movimento e de voz na criação de um personagem teatral, discutindo estereótipos.
Arte;1º ano, 2º ano, 3º ano, 4º ano, 5º ano;Artes integradas;Processos de criação;(EF15AR23) Reconhecer e experimentar, em projetos temáticos, as relações processuais entre diversas linguagens artísticas.
Arte;1º ano, 2º ano, 3º ano, 4º ano, 5º ano;Artes integradas;Matrizes estéticas e culturais;(EF15AR24) Caracterizar e experimentar brinquedos, brincadeiras, jogos, danças, canções e histórias de diferentes matrizes estéticas e culturais.
Arte;1º ano, 2º ano, 3º ano, 4º ano, 5º ano;Artes integradas;Patrimônio cultural;(EF15AR25) Conhecer e valorizar o patrimônio cultural, material e imaterial, de culturas diversas, em especial a brasileira, incluindo-se suas matrizes indígenas, africanas e europeias, de diferentes épocas, favorecendo a construção de vocabulário e repertório relativos às diferentes linguagens artísticas.
Arte;1º ano, 2º ano, 3º ano, 4º ano, 5º ano;Artes integradas;Arte e tecnologia;(EF15AR26) Explorar diferentes tecnologias e recursos digitais (multimeios, animações, jogos eletrônicos, gravações em áudio e vídeo, fotografia, softwares etc.) nos processos de criação artística.
Educação Física;1º ano, 2º ano;Brincadeiras e jogos;Brincadeiras e jogos da cultura popular presentes no contexto comunitário e regional;(EF12EF01) Experimentar, fruir e recriar diferentes brincadeiras e jogos da cultura popular presentes no contexto comunitário e regional, reconhecendo e respeitando as diferenças individuais de desempenho dos colegas.
Educação Física;1º ano, 2º ano;Brincadeiras e jogos;Brincadeiras e jogos da cultura popular presentes no contexto comunitário e regional;(EF12EF02) Explicar, por meio de múltiplas linguagens (corporal, visual, oral e escrita), as brincadeiras e os jogos populares do contexto comunitário e regional, reconhecendo e valorizando a importância desses jogos e brincadeiras para suas culturas de origem.
Educação Física;1º ano, 2º ano;Brincadeiras e jogos;Brincadeiras e jogos da cultura popular presentes no contexto comunitário e regional;(EF12EF03) Planejar e utilizar estratégias para resolver desafios de brincadeiras e jogos populares do contexto comunitário e regional, com base no reconhecimento das características dessas práticas.
Educação Física;1º ano, 2º ano;Brincadeiras e jogos;Brincadeiras e jogos da cultura popular presentes no contexto comunitário e regional;(EF12EF04) Colaborar na proposição e na produção de alternativas para a prática, em outros momentos e espaços, de brincadeiras e jogos e demais práticas corporais tematizadas na escola, produzindo textos (orais, escritos, audiovisuais) para divulgá-las na escola e na comunidade.
Educação Física;1º ano, 2º ano;Esportes;Esportes de marca Esportes de precisão;(EF12EF05) Experimentar e fruir, prezando pelo trabalho coletivo e pelo protagonismo, a prática de esportes de marca e de precisão, identificando os elementos comuns a esses esportes.
Educação Física;1º ano, 2º ano;Esportes;Esportes de marca Esportes de precisão;(EF12EF06) Discutir a importância da observação das normas e das regras dos esportes de marca e de precisão para assegurar a integridade própria e as dos demais participantes.
Educação Física;1º ano, 2º ano;Ginásticas;Ginástica geral;(EF12EF07) Experimentar, fruir e identificar diferentes elementos básicos da ginástica (equilíbrios, saltos, giros, rotações, acrobacias, com e sem materiais) e da ginástica geral, de forma individual e em pequenos grupos, adotando procedimentos de segurança.
Educação Física;1º ano, 2º ano;Ginásticas;Ginástica geral;(EF12EF08) Planejar e utilizar estratégias para a execução de diferentes elementos básicos da ginástica e da ginástica geral.
Educação Física;1º ano, 2º ano;Ginásticas;Ginástica geral;(EF12EF09) Participar da ginástica geral, identificando as potencialidades e os limites do corpo, e respeitando as diferenças individuais e de desempenho corporal.
Educação Física;1º ano, 2º ano;Ginásticas;Ginástica geral;(EF12EF10) Descrever, por meio de múltiplas linguagens (corporal, oral, escrita e audiovisual), as características dos elementos básicos da ginástica e da ginástica geral, identificando a presença desses elementos em distintas práticas corporais.
Educação Física;1º ano, 2º ano;Danças;Danças do contexto comunitário e regional;(EF12EF11) Experimentar e fruir diferentes danças do contexto comunitário e regional (rodas cantadas, brincadeiras rítmicas e expressivas), e recriá-las, respeitando as diferenças individuais e de desempenho corporal.
Educação Física;1º ano, 2º ano;Danças;Danças do contexto comunitário e regional;(EF12EF12) Identificar os elementos constitutivos (ritmo, espaço, gestos) das danças do contexto comunitário e regional, valorizando e respeitando as manifestações de diferentes culturas.
Educação Física;3º ano, 4º ano, 5º ano;Brincadeiras e jogos;Brincadeiras e jogos populares do Brasil e do mundo Brincadeiras e jogos de matriz indígena e africana;(EF35EF01) Experimentar e fruir brincadeiras e jogos populares do Brasil e do mundo, incluindo aqueles de matriz indígena e africana, e recriá-los, valorizando a importância desse patrimônio histórico cultural.
Educação Física;3º ano, 4º ano, 5º ano;Brincadeiras e jogos;Brincadeiras e jogos populares do Brasil e do mundo Brincadeiras e jogos de matriz indígena e africana;(EF35EF02) Planejar e utilizar estratégias para possibilitar a participação segura de todos os alunos em brincadeiras e jogos populares do Brasil e de matriz indígena e africana.
Educação Física;3º ano, 4º ano, 5º ano;Brincadeiras e jogos;Brincadeiras e jogos populares do Brasil e do mundo Brincadeiras e jogos de matriz indígena e africana;(EF35EF03) Descrever, por meio de múltiplas linguagens (corporal, oral, escrita, audiovisual), as brincadeiras e os jogos populares do Brasil e de matriz indígena e africana, explicando suas características e a importância desse patrimônio histórico cultural na preservação das diferentes culturas.
Educação Física;3º ano, 4º ano, 5º ano;Brincadeiras e jogos;Brincadeiras e jogos populares do Brasil e do mundo Brincadeiras e jogos de matriz indígena e africana;(EF35EF04) Recriar, individual e coletivamente, e experimentar, na escola e fora dela, brincadeiras e jogos populares do Brasil e do mundo, incluindo aqueles de matriz indígena e africana, e demais práticas corporais tematizadas na escola, adequando-as aos espaços públicos disponíveis.
Educação Física;3º ano, 4º ano, 5º ano;Esportes;Esportes de campo e taco Esportes de rede/parede Esportes de invasão;(EF35EF05) Experimentar e fruir diversos tipos de esportes de campo e taco, rede/parede e invasão, identificando seus elementos comuns e criando estratégias individuais e coletivas básicas para sua execução, prezando pelo trabalho coletivo e pelo protagonismo.
Educação Física;3º ano, 4º ano, 5º ano;Esportes;Esportes de campo e taco Esportes de rede/parede Esportes de invasão;(EF35EF06) Diferenciar os conceitos de jogo e esporte, identificando as características que os constituem na contemporaneidade e suas manifestações (profissional e comunitária/lazer).
Educação Física;3º ano, 4º ano, 5º ano;Ginásticas;Ginástica geral;(EF35EF07) Experimentar e fruir, de forma coletiva, combinações de diferentes elementos da ginástica geral (equilíbrios, saltos, giros, rotações, acrobacias, com e sem materiais), propondo coreografias com diferentes temas do cotidiano.
Educação Física;3º ano, 4º ano, 5º ano;Ginásticas;Ginástica geral;(EF35EF08) Planejar e utilizar estratégias para resolver desafios na execução de elementos básicos de apresentações coletivas de ginástica geral, reconhecendo as potencialidades e os limites do corpo e adotando procedimentos de segurança.
Educação Física;3º ano, 4º ano, 5º ano;Danças;Danças do Brasil e do mundo Danças de matriz indígena e africana;(EF35EF09) Experimentar, recriar e fruir danças populares do Brasil e do mundo e danças de matriz indígena e africana, valorizando e respeitando os diferentes sentidos e significados dessas danças em suas culturas de origem.
Educação Física;3º ano, 4º ano, 5º ano;Danças;Danças do Brasil e do mundo Danças de matriz indígena e africana;(EF35EF10) Comparar e identificar os elementos constitutivos comuns e diferentes (ritmo, espaço, gestos) em danças populares do Brasil e do mundo e danças de matriz indígena e africana.
Educação Física;3º ano, 4º ano, 5º ano;Danças;Danças do Brasil e do mundo Danças de matriz indígena e africana;(EF35EF11) Formular e utilizar estratégias para a execução de elementos constitutivos das danças populares do Brasil e do mundo, e das danças de matriz indígena e africana.
Educação Física;3º ano, 4º ano, 5º ano;Danças;Danças do Brasil e do mundo Danças de matriz indígena e africana;(EF35EF12) Identificar situações de injustiça e preconceito geradas e/ou presentes no contexto das danças e demais práticas corporais e discutir alternativas para superá-las.
Educação Física;3º ano, 4º ano, 5º ano;Lutas;Lutas do contexto comunitário e regional Lutas de matriz indígena e africana;(EF35EF13) Experimentar, fruir e recriar diferentes lutas presentes no contexto comunitário e regional e lutas de matriz indígena e africana.
Educação Física;3º ano, 4º ano, 5º ano;Lutas;Lutas do contexto comunitário e regional Lutas de matriz indígena e africana;(EF35EF14) Planejar e utilizar estratégias básicas das lutas do contexto comunitário e regional e lutas de matriz indígena e africana experimentadas, respeitando o colega como oponente e as normas de segurança.
Educação Física;3º ano, 4º ano, 5º ano;Lutas;Lutas do contexto comunitário e regional Lutas de matriz indígena e africana;(EF35EF15) Identificar as características das lutas do contexto comunitário e regional e lutas de matriz indígena e africana, reconhecendo as diferenças entre lutas e brigas e entre lutas e as demais práticas corporais.
Matemática;1º ano;Números;Contagem de rotina Contagem ascendente e descendente Reconhecimento de números no contexto diário: indicação de quantidades, indicação de ordem ou indicação de código para a organização de informações;(EF01MA01) Utilizar números naturais como indicador de quantidade ou de ordem em diferentes situações cotidianas e reconhecer situações em que os números não indicam contagem nem ordem, mas sim código de identificação.
Matemática;1º ano;Números;Quantificação de elementos de uma coleção: estimativas, contagem um a um, pareamento ou outros agrupamentos e comparação;(EF01MA02) Contar de maneira exata ou aproximada, utilizando diferentes estratégias como o pareamento e outros agrupamentos.
Matemática;1º ano;Números;Quantificação de elementos de uma coleção: estimativas, contagem um a um, pareamento ou outros agrupamentos e comparação;(EF01MA03) Estimar e comparar quantidades de objetos de dois conjuntos (em torno de 20 elementos), por estimativa e/ou por correspondência (um a um, dois a dois) para indicar “tem mais”, “tem menos” ou “tem a mesma quantidade”.
Matemática;1º ano;Números;Leitura, escrita e comparação de números naturais (até 100) Reta numérica;(EF01MA04) Contar a quantidade de objetos de coleções até 100 unidades e apresentar o resultado por registros verbais e simbólicos, em situações de seu interesse, como jogos, brincadeiras, materiais da sala de aula, entre outros.
Matemática;1º ano;Números;Leitura, escrita e comparação de números naturais (até 100) Reta numérica;(EF01MA05) Comparar números naturais de até duas ordens em situações cotidianas, com e sem suporte da reta numérica.
Matemática;1º ano;Números;Construção de fatos básicos da adição;(EF01MA06) Construir fatos básicos da adição e utilizá-los em procedimentos de cálculo para resolver problemas.
Matemática;1º ano;Números;Composição e decomposição de números naturais;(EF01MA07) Compor e decompor número de até duas ordens, por meio de diferentes adições, com o suporte de material manipulável, contribuindo para a compreensão de características do sistema de numeração decimal e o desenvolvimento de estratégias de cálculo.
Matemática;1º ano;Números;Problemas envolvendo diferentes significados da adição e da subtração (juntar, acrescentar, separar, retirar);(EF01MA08) Resolver e elaborar problemas de adição e de subtração, envolvendo números de até dois algarismos, com os significados de juntar, acrescentar, separar e retirar, com o suporte de imagens e/ou material manipulável, utilizando estratégias e formas de registro pessoais.
Matemática;1º ano;Álgebra;Padrões figurais e numéricos: investigação de regularidades ou padrões em sequências;(EF01MA09) Organizar e ordenar objetos familiares ou representações por figuras, por meio de atributos, tais como cor, forma e medida.
Matemática;1º ano;Álgebra;Sequências recursivas: observação de regras usadas utilizadas em seriações numéricas (mais 1, mais 2, menos 1, menos 2, por exemplo);(EF01MA10) Descrever, após o reconhecimento e a explicitação de um padrão (ou regularidade), os elementos ausentes em sequências recursivas de números naturais, objetos ou figuras.
Matemática;1º ano;Geometria;Localização de objetos e de pessoas no espaço, utilizando diversos pontos de referência e vocabulário apropriado;(EF01MA11) Descrever a localização de pessoas e de objetos no espaço em relação à sua própria posição, utilizando termos como à direita, à esquerda, em frente, atrás.
Matemática;1º ano;Geometria;Localização de objetos e de pessoas no espaço, utilizando diversos pontos de referência e vocabulário apropriado;(EF01MA12) Descrever a localização de pessoas e de objetos no espaço segundo um dado ponto de referência, compreendendo que, para a utilização de termos que se referem à posição, como direita, esquerda, em cima, em baixo, é necessário explicitar-se o referencial.
Matemática;1º ano;Geometria;Figuras geométricas espaciais: reconhecimento e relações com objetos familiares do mundo físico;(EF01MA13) Relacionar figuras geométricas espaciais (cones, cilindros, esferas e blocos retangulares) a objetos familiares do mundo físico.
Matemática;1º ano;Geometria;Figuras geométricas planas: reconhecimento do formato das faces de figuras geométricas espaciais;(EF01MA14) Identificar e nomear figuras planas (círculo, quadrado, retângulo e triângulo) em desenhos apresentados em diferentes disposições ou em contornos de faces de sólidos geométricos.
Matemática;1º ano;Grandezas e medidas;Medidas de comprimento, massa e capacidade: comparações e unidades de medida não convencionais;(EF01MA15) Comparar comprimentos, capacidades ou massas, utilizando termos como mais alto, mais baixo, mais comprido, mais curto, mais grosso, mais fino, mais largo, mais pesado, mais leve, cabe mais, cabe menos, entre outros, para ordenar objetos de uso cotidiano.
Matemática;1º ano;Grandezas e medidas;Medidas de tempo: unidades de medida de tempo, suas relações e o uso do calendário;(EF01MA16) Relatar em linguagem verbal ou não verbal sequência de acontecimentos relativos a um dia, utilizando, quando possível, os horários dos eventos.
Matemática;1º ano;Grandezas e medidas;Medidas de tempo: unidades de medida de tempo, suas relações e o uso do calendário;(EF01MA17) Reconhecer e relacionar períodos do dia, dias da semana e meses do ano, utilizando calendário, quando necessário.
Matemática;1º ano;Grandezas e medidas;Medidas de tempo: unidades de medida de tempo, suas relações e o uso do calendário;(EF01MA18) Produzir a escrita de uma data, apresentando o dia, o mês e o ano, e indicar o dia da semana de uma data, consultando calendários.
Matemática;1º ano;Grandezas e medidas;Sistema monetário brasileiro: reconhecimento de cédulas e moedas;(EF01MA19) Reconhecer e relacionar valores de moedas e cédulas do sistema monetário brasileiro para resolver situações simples do cotidiano do estudante.
Matemática;1º ano;Probabilidade e estatística;Noção de acaso;(EF01MA20) Classificar eventos envolvendo o acaso, tais como “acontecerá com certeza”, “talvez aconteça” e “é impossível acontecer”, em situações do cotidiano.
Matemática;1º ano;Probabilidade e estatística;Leitura de tabelas e de gráficos de colunas simples;(EF01MA21) Ler dados expressos em tabelas e em gráficos de colunas simples.
Matemática;1º ano;Probabilidade e estatística;Coleta e organização de informações Registros pessoais para comunicação de informações coletadas;(EF01MA22) Realizar pesquisa, envolvendo até duas variáveis categóricas de seu interesse e universo de até 30 elementos, e organizar dados por meio de representações pessoais.
Matemática;2º ano;Números;Leitura, escrita, comparação e ordenação de números de até três ordens pela compreensão de características do sistema de numeração decimal (valor posicional e papel do zero);(EF02MA01) Comparar e ordenar números naturais (até a ordem de centenas) pela compreensão de características do sistema de numeração decimal (valor posicional e função do zero).
Matemática;2º ano;Números;Leitura, escrita, comparação e ordenação de números de até três ordens pela compreensão de características do sistema de numeração decimal (valor posicional e papel do zero);(EF02MA02) Fazer estimativas por meio de estratégias diversas a respeito da quantidade de objetos de coleções e registrar o resultado da contagem desses objetos (até 1000 unidades).
Matemática;2º ano;Números;Leitura, escrita, comparação e ordenação de números de até três ordens pela compreensão de características do sistema de numeração decimal (valor posicional e papel do zero);(EF02MA03) Comparar quantidades de objetos de dois conjuntos, por estimativa e/ou por correspondência (um a um, dois a dois, entre outros), para indicar “tem mais”, “tem menos” ou “tem a mesma quantidade”, indicando, quando for o caso, quantos a mais e quantos a menos.
Matemática;2º ano;Números;Composição e decomposição de números naturais (até 1000);(EF02MA04) Compor e decompor números naturais de até três ordens, com suporte de material manipulável, por meio de diferentes adições.
Matemática;2º ano;Números;Construção de fatos fundamentais da adição e da subtração;(EF02MA05) Construir fatos básicos da adição e subtração e utilizá-los no cálculo mental ou escrito.
Matemática;2º ano;Números;Problemas envolvendo diferentes significados da adição e da subtração (juntar, acrescentar, separar, retirar);(EF02MA06) Resolver e elaborar problemas de adição e de subtração, envolvendo números de até três ordens, com os significados de juntar, acrescentar, separar, retirar, utilizando estratégias pessoais ou convencionais.
Matemática;2º ano;Números;Problemas envolvendo adição de parcelas iguais (multiplicação);(EF02MA07) Resolver e elaborar problemas de multiplicação (por 2, 3, 4 e 5) com a ideia de adição de parcelas iguais por meio de estratégias e formas de registro pessoais, utilizando ou não suporte de imagens e/ou material manipulável.
Matemática;2º ano;Números;Problemas envolvendo significados de dobro, metade, triplo e terça parte;(EF02MA08) Resolver e elaborar problemas envolvendo dobro, metade, triplo e terça parte, com o suporte de imagens ou material manipulável, utilizando estratégias pessoais.
Matemática;2º ano;Álgebra;Construção de sequências repetitivas e de sequências recursivas;(EF02MA09) Construir sequências de números naturais em ordem crescente ou decrescente a partir de um número qualquer, utilizando uma regularidade estabelecida.
Matemática;2º ano;Álgebra;Identificação de regularidade de sequências e determinação de elementos ausentes na sequência;(EF02MA10) Descrever um padrão (ou regularidade) de sequências repetitivas e de sequências recursivas, por meio de palavras, símbolos ou desenhos.
Matemática;2º ano;Álgebra;Identificação de regularidade de sequências e determinação de elementos ausentes na sequência;(EF02MA11) Descrever os elementos ausentes em sequências repetitivas e em sequências recursivas de números naturais, objetos ou figuras.
Matemática;2º ano;Geometria;Localização e movimentação de pessoas e objetos no espaço, segundo pontos de referência, e indicação de mudanças de direção e sentido;(EF02MA12) Identificar e registrar, em linguagem verbal ou não verbal, a localização e os deslocamentos de pessoas e de objetos no espaço, considerando mais de um ponto de referência, e indicar as mudanças de direção e de sentido.
Matemática;2º ano;Geometria;Esboço de roteiros e de plantas simples;(EF02MA13) Esboçar roteiros a ser seguidos ou plantas de ambientes familiares, assinalando entradas, saídas e alguns pontos de referência.
Matemática;2º ano;Geometria;Figuras geométricas espaciais (cubo, bloco retangular, pirâmide, cone, cilindro e esfera): reconhecimento e características;(EF02MA14) Reconhecer, nomear e comparar figuras geométricas espaciais (cubo, bloco retangular, pirâmide, cone, cilindro e esfera), relacionando-as com objetos do mundo físico.
Matemática;2º ano;Geometria;Figuras geométricas planas (círculo, quadrado, retângulo e triângulo): reconhecimento e características;(EF02MA15) Reconhecer, comparar e nomear figuras planas (círculo, quadrado, retângulo e triângulo), por meio de características comuns, em desenhos apresentados em diferentes disposições ou em sólidos geométricos.
Matemática;2º ano;Grandezas e medidas;Medida de comprimento: unidades não padronizadas e padronizadas (metro, centímetro e milímetro);(EF02MA16) Estimar, medir e comparar comprimentos de lados de salas (incluindo contorno) e de polígonos, utilizando unidades de medida não padronizadas e padronizadas (metro, centímetro e milímetro) e instrumentos adequados.
Matemática;2º ano;Grandezas e medidas;Medida de capacidade e de massa: unidades de medida não convencionais e convencionais (litro, mililitro, cm3, grama e quilograma);(EF02MA17) Estimar, medir e comparar capacidade e massa, utilizando estratégias pessoais e unidades de medida não padronizadas ou padronizadas (litro, mililitro, grama e quilograma).
Matemática;2º ano;Grandezas e medidas;Medidas de tempo: intervalo de tempo, uso do calendário, leitura de horas em relógios digitais e ordenação de datas;(EF02MA18) Indicar a duração de intervalos de tempo entre duas datas, como dias da semana e meses do ano, utilizando calendário, para planejamentos e organização de agenda.
Matemática;2º ano;Grandezas e medidas;Medidas de tempo: intervalo de tempo, uso do calendário, leitura de horas em relógios digitais e ordenação de datas;(EF02MA19) Medir a duração de um intervalo de tempo por meio de relógio digital e registrar o horário do início e do fim do intervalo.
Matemática;2º ano;Grandezas e medidas;Sistema monetário brasileiro: reconhecimento de cédulas e moedas e equivalência de valores;(EF02MA20) Estabelecer a equivalência de valores entre moedas e cédulas do sistema monetário brasileiro para resolver situações cotidianas.
Matemática;2º ano;Probabilidade e estatística;Análise da ideia de aleatório em situações do cotidiano;(EF02MA21) Classificar resultados de eventos cotidianos aleatórios como “pouco prováveis”, “muito prováveis”, “improváveis” e “impossíveis”.
Matemática;2º ano;Probabilidade e estatística;Coleta, classificação e representação de dados em tabelas simples e de dupla entrada e em gráficos de colunas;(EF02MA22) Comparar informações de pesquisas apresentadas por meio de tabelas de dupla entrada e em gráficos de colunas simples ou barras, para melhor compreender aspectos da realidade próxima.
Matemática;2º ano;Probabilidade e estatística;Coleta, classificação e representação de dados em tabelas simples e de dupla entrada e em gráficos de colunas;(EF02MA23) Realizar pesquisa em universo de até 30 elementos, escolhendo até três variáveis categóricas de seu interesse, organizando os dados coletados em listas, tabelas e gráficos de colunas simples.
Matemática;3º ano;Números;Leitura, escrita, comparação e ordenação de números naturais de quatro ordens;(EF03MA01) Ler, escrever e comparar números naturais de até a ordem de unidade de milhar, estabelecendo relações entre os registros numéricos e em língua materna.
Matemática;3º ano;Números;Composição e decomposição de números naturais;(EF03MA02) Identificar características do sistema de numeração decimal, utilizando a composição e a decomposição de número natural de até quatro ordens.
Matemática;3º ano;Números;Construção de fatos fundamentais da adição, subtração e multiplicação Reta numérica;(EF03MA03) Construir e utilizar fatos básicos da adição e da multiplicação para o cálculo mental ou escrito.
Matemática;3º ano;Números;Construção de fatos fundamentais da adição, subtração e multiplicação Reta numérica;(EF03MA04) Estabelecer a relação entre números naturais e pontos da reta numérica para utilizá-la na ordenação dos números naturais e também na construção de fatos da adição e da subtração, relacionando-os com deslocamentos para a direita ou para a esquerda.
Matemática;3º ano;Números;Procedimentos de cálculo (mental e escrito) com números naturais: adição e subtração;(EF03MA05) Utilizar diferentes procedimentos de cálculo mental e escrito para resolver problemas significativos envolvendo adição e subtração com números naturais.
Matemática;3º ano;Números;Problemas envolvendo significados da adição e da subtração: juntar, acrescentar, separar, retirar, comparar e completar quantidades;(EF03MA06) Resolver e elaborar problemas de adição e subtração com os significados de juntar, acrescentar, separar, retirar, comparar e completar quantidades, utilizando diferentes estratégias de cálculo exato ou aproximado, incluindo cálculo mental.
Matemática;3º ano;Números;Problemas envolvendo diferentes significados da multiplicação e da divisão: adição de parcelas iguais, configuração retangular, repartição em partes iguais e medida;(EF03MA07) Resolver e elaborar problemas de multiplicação (por 2, 3, 4, 5 e 10) com os significados de adição de parcelas iguais e elementos apresentados em disposição retangular, utilizando diferentes estratégias de cálculo e registros.
Matemática;3º ano;Números;Problemas envolvendo diferentes significados da multiplicação e da divisão: adição de parcelas iguais, configuração retangular, repartição em partes iguais e medida;(EF03MA08) Resolver e elaborar problemas de divisão de um número natural por outro (até 10), com resto zero e com resto diferente de zero, com os significados de repartição equitativa e de medida, por meio de estratégias e registros pessoais.
Matemática;3º ano;Números;Significados de metade, terça parte, quarta parte, quinta parte e décima parte;(EF03MA09) Associar o quociente de uma divisão com resto zero de um número natural por 2, 3, 4, 5 e 10 às ideias de metade, terça, quarta, quinta e décima partes.
Matemática;3º ano;Álgebra;Identificação e descrição de regularidades em sequências numéricas recursivas;(EF03MA10) Identificar regularidades em sequências ordenadas de números naturais, resultantes da realização de adições ou subtrações sucessivas, por um mesmo número, descrever uma regra de formação da sequência e determinar elementos faltantes ou seguintes.
Matemática;3º ano;Álgebra;Relação de igualdade;(EF03MA11) Compreender a ideia de igualdade para escrever diferentes sentenças de adições ou de subtrações de dois números naturais que resultem na mesma soma ou diferença.
Matemática;3º ano;Geometria;Localização e movimentação: representação de objetos e pontos de referência;(EF03MA12) Descrever e representar, por meio de esboços de trajetos ou utilizando croquis e maquetes, a movimentação de pessoas ou de objetos no espaço, incluindo mudanças de direção e sentido, com base em diferentes pontos de referência.
Matemática;3º ano;Geometria;Figuras geométricas espaciais (cubo, bloco retangular, pirâmide, cone, cilindro e esfera): reconhecimento, análise de características e planificações;(EF03MA13) Associar figuras geométricas espaciais (cubo, bloco retangular, pirâmide, cone, cilindro e esfera) a objetos do mundo físico e nomear essas figuras.
Matemática;3º ano;Geometria;Figuras geométricas espaciais (cubo, bloco retangular, pirâmide, cone, cilindro e esfera): reconhecimento, análise de características e planificações;(EF03MA14) Descrever características de algumas figuras geométricas espaciais (prismas retos, pirâmides, cilindros, cones), relacionando-as com suas planificações.
Matemática;3º ano;Geometria;Figuras geométricas planas (triângulo, quadrado, retângulo, trapézio e paralelogramo): reconhecimento e análise de características;(EF03MA15) Classificar e comparar figuras planas (triângulo, quadrado, retângulo, trapézio e paralelogramo) em relação a seus lados (quantidade, posições relativas e comprimento) e vértices.
Matemática;3º ano;Geometria;Congruência de figuras geométricas planas;(EF03MA16) Reconhecer figuras congruentes, usando sobreposição e desenhos em malhas quadriculadas ou triangulares, incluindo o uso de tecnologias digitais.
Matemática;3º ano;Grandezas e medidas;Significado de medida e de unidade de medida;(EF03MA17) Reconhecer que o resultado de uma medida depende da unidade de medida utilizada.
Matemática;3º ano;Grandezas e medidas;Significado de medida e de unidade de medida;(EF03MA18) Escolher a unidade de medida e o instrumento mais apropriado para medições de comprimento, tempo e capacidade.
Matemática;3º ano;Grandezas e medidas;Medidas de comprimento (unidades não convencionais e convencionais): registro, instrumentos de medida, estimativas e comparações;(EF03MA19) Estimar, medir e comparar comprimentos, utilizando unidades de medida não padronizadas e padronizadas mais usuais (metro, centímetro e milímetro) e diversos instrumentos de medida.
Matemática;3º ano;Grandezas e medidas;Medidas de capacidade e de massa (unidades não convencionais e convencionais): registro, estimativas e comparações;(EF03MA20) Estimar e medir capacidade e massa, utilizando unidades de medida não padronizadas e padronizadas mais usuais (litro, mililitro, quilograma, grama e miligrama), reconhecendo-as em leitura de rótulos e embalagens, entre outros.
Matemática;3º ano;Grandezas e medidas;Comparação de áreas por superposição;(EF03MA21) Comparar, visualmente ou por superposição, áreas de faces de objetos, de figuras planas ou de desenhos.
Matemática;3º ano;Grandezas e medidas;Medidas de tempo: leitura de horas em relógios digitais e analógicos, duração de eventos e reconhecimento de relações entre unidades de medida de tempo;(EF03MA22) Ler e registrar medidas e intervalos de tempo, utilizando relógios (analógico e digital) para informar os horários de início e término de realização de uma atividade e sua duração.
Matemática;3º ano;Grandezas e medidas;Medidas de tempo: leitura de horas em relógios digitais e analógicos, duração de eventos e reconhecimento de relações entre unidades de medida de tempo;(EF03MA23) Ler horas em relógios digitais e em relógios analógicos e reconhecer a relação entre hora e minutos e entre minuto e segundos.
Matemática;3º ano;Grandezas e medidas;Sistema monetário brasileiro: estabelecimento de equivalências de um mesmo valor na utilização de diferentes cédulas e moedas;(EF03MA24) Resolver e elaborar problemas que envolvam a comparação e a equivalência de valores monetários do sistema brasileiro em situações de compra, venda e troca.
Matemática;3º ano;Probabilidade e estatística;Análise da ideia de acaso em situações do cotidiano: espaço amostral;(EF03MA25) Identificar, em eventos familiares aleatórios, todos os resultados possíveis, estimando os que têm maiores ou menores chances de ocorrência.
Matemática;3º ano;Probabilidade e estatística;Leitura, interpretação e representação de dados em tabelas de dupla entrada e gráficos de barras;(EF03MA26) Resolver problemas cujos dados estão apresentados em tabelas de dupla entrada, gráficos de barras ou de colunas.
Matemática;3º ano;Probabilidade e estatística;Leitura, interpretação e representação de dados em tabelas de dupla entrada e gráficos de barras;(EF03MA27) Ler, interpretar e comparar dados apresentados em tabelas de dupla entrada, gráficos de barras ou de colunas, envolvendo resultados de pesquisas significativas, utilizando termos como maior e menor frequência, apropriando-se desse tipo de linguagem para compreender aspectos da realidade sociocultural significativos.
Matemática;3º ano;Probabilidade e estatística;Coleta, classificação e representação de dados referentes a variáveis categóricas, por meio de tabelas e gráficos;(EF03MA28) Realizar pesquisa envolvendo variáveis categóricas em um universo de até 50 elementos, organizar os dados coletados utilizando listas, tabelas simples ou de dupla entrada e representá-los em gráficos de colunas simples, com e sem uso de tecnologias digitais.
Matemática;4º ano;Números;Sistema de numeração decimal: leitura, escrita, comparação e ordenação de números naturais de até cinco ordens;(EF04MA01) Ler, escrever e ordenar números naturais até a ordem de dezenas de milhar.
Matemática;4º ano;Números;Composição e decomposição de um número natural de até cinco ordens, por meio de adições e multiplicações por potências de 10;(EF04MA02) Mostrar, por decomposição e composição, que todo número natural pode ser escrito por meio de adições e multiplicações por potências de dez, para compreender o sistema de numeração decimal e desenvolver estratégias de cálculo.
Matemática;4º ano;Números;Propriedades das operações para o desenvolvimento de diferentes estratégias de cálculo com números naturais;(EF04MA03) Resolver e elaborar problemas com números naturais envolvendo adição e subtração, utilizando estratégias diversas, como cálculo, cálculo mental e algoritmos, além de fazer estimativas do resultado.
Matemática;4º ano;Números;Propriedades das operações para o desenvolvimento de diferentes estratégias de cálculo com números naturais;(EF04MA04) Utilizar as relações entre adição e subtração, bem como entre multiplicação e divisão, para ampliar as estratégias de cálculo.
Matemática;4º ano;Números;Propriedades das operações para o desenvolvimento de diferentes estratégias de cálculo com números naturais;(EF04MA05) Utilizar as propriedades das operações para desenvolver estratégias de cálculo.
Matemática;4º ano;Números;Problemas envolvendo diferentes significados da multiplicação e da divisão: adição de parcelas iguais, configuração retangular, proporcionalidade, repartição equitativa e medida;(EF04MA06) Resolver e elaborar problemas envolvendo diferentes significados da multiplicação (adição de parcelas iguais, organização retangular e proporcionalidade), utilizando estratégias diversas, como cálculo por estimativa, cálculo mental e algoritmos.
Matemática;4º ano;Números;Problemas envolvendo diferentes significados da multiplicação e da divisão: adição de parcelas iguais, configuração retangular, proporcionalidade, repartição equitativa e medida;(EF04MA07) Resolver e elaborar problemas de divisão cujo divisor tenha no máximo dois algarismos, envolvendo os significados de repartição equitativa e de medida, utilizando estratégias diversas, como cálculo por estimativa, cálculo mental e algoritmos.
Matemática;4º ano;Números;Problemas de contagem;(EF04MA08) Resolver, com o suporte de imagem e/ou material manipulável, problemas simples de contagem, como a determinação do número de agrupamentos possíveis ao se combinar cada elemento de uma coleção com todos os elementos de outra, utilizando estratégias e formas de registro pessoais.
Matemática;4º ano;Números;Números racionais: frações unitárias mais usuais (1/2, 1/3, 1/4, 1/5, 1/10 e 1/100);(EF04MA09) Reconhecer as frações unitárias mais usuais (1/2, 1/3, 1/4, 1/5, 1/10 e 1/100) como unidades de medida menores do que uma unidade, utilizando a reta numérica como recurso.
Matemática;4º ano;Números;Números racionais: representação decimal para escrever valores do sistema monetário brasileiro;(EF04MA10) Reconhecer que as regras do sistema de numeração decimal podem ser estendidas para a representação decimal de um número racional e relacionar décimos e centésimos com a representação do sistema monetário brasileiro.
Matemática;4º ano;Álgebra;Sequência numérica recursiva formada por múltiplos de um número natural;(EF04MA11) Identificar regularidades em sequências numéricas compostas por múltiplos de um número natural.
Matemática;4º ano;Álgebra;Sequência numérica recursiva formada por números que deixam o mesmo resto ao ser divididos por um mesmo número natural diferente de zero;(EF04MA12) Reconhecer, por meio de investigações, que há grupos de números naturais para os quais as divisões por um determinado número resultam em restos iguais, identificando regularidades.
Matemática;4º ano;Álgebra;Relações entre adição e subtração e entre multiplicação e divisão;(EF04MA13) Reconhecer, por meio de investigações, utilizando a calculadora quando necessário, as relações inversas entre as operações de adição e de subtração e de multiplicação e de divisão, para aplicá-las na resolução de problemas.
Matemática;4º ano;Álgebra;Propriedades da igualdade;(EF04MA14) Reconhecer e mostrar, por meio de exemplos, que a relação de igualdade existente entre dois termos permanece quando se adiciona ou se subtrai um mesmo número a cada um desses termos.
Matemática;4º ano;Álgebra;Propriedades da igualdade;(EF04MA15) Determinar o número desconhecido que torna verdadeira uma igualdade que envolve as operações fundamentais com números naturais.
Matemática;4º ano;Geometria;Localização e movimentação: pontos de referência, direção e sentido Paralelismo e perpendicularismo;(EF04MA16) Descrever deslocamentos e localização de pessoas e de objetos no espaço, por meio de malhas quadriculadas e representações como desenhos, mapas, planta baixa e croquis, empregando termos como direita e esquerda, mudanças de direção e sentido, intersecção, transversais, paralelas e perpendiculares.
Matemática;4º ano;Geometria;Figuras geométricas espaciais (prismas e pirâmides): reconhecimento, representações, planificações e características;(EF04MA17) Associar prismas e pirâmides a suas planificações e analisar, nomear e comparar seus atributos, estabelecendo relações entre as representações planas e espaciais.
Matemática;4º ano;Geometria;Ângulos retos e não retos: uso de dobraduras, esquadros e softwares;(EF04MA18) Reconhecer ângulos retos e não retos em figuras poligonais com o uso de dobraduras, esquadros ou softwares de geometria.
Matemática;4º ano;Geometria;Simetria de reflexão;(EF04MA19) Reconhecer simetria de reflexão em figuras e em pares de figuras geométricas planas e utilizá-la na construção de figuras congruentes, com o uso de malhas quadriculadas e de softwares de geometria.
Matemática;4º ano;Grandezas e medidas;Medidas de comprimento, massa e capacidade: estimativas, utilização de instrumentos de medida e de unidades de medida convencionais mais usuais;(EF04MA20) Medir e estimar comprimentos (incluindo perímetros), massas e capacidades, utilizando unidades de medida padronizadas mais usuais, valorizando e respeitando a cultura local.
Matemática;4º ano;Grandezas e medidas;Áreas de figuras construídas em malhas quadriculadas;(EF04MA21) Medir, comparar e estimar área de figuras planas desenhadas em malha quadriculada, pela contagem dos quadradinhos ou de metades de quadradinho, reconhecendo que duas figuras com formatos diferentes podem ter a mesma medida de área.
Matemática;4º ano;Grandezas e medidas;Medidas de tempo: leitura de horas em relógios digitais e analógicos, duração de eventos e relações entre unidades de medida de tempo;(EF04MA22) Ler e registrar medidas e intervalos de tempo em horas, minutos e segundos em situações relacionadas ao seu cotidiano, como informar os horários de início e término de realização de uma tarefa e sua duração.
Matemática;4º ano;Grandezas e medidas;Medidas de temperatura em grau Celsius: construção de gráficos para indicar a variação da temperatura (mínima e máxima) medida em um dado dia ou em uma semana;(EF04MA23) Reconhecer temperatura como grandeza e o grau Celsius como unidade de medida a ela associada e utilizá-lo em comparações de temperaturas em diferentes regiões do Brasil ou no exterior ou, ainda, em discussões que envolvam problemas relacionados ao aquecimento global.
Matemática;4º ano;Grandezas e medidas;Medidas de temperatura em grau Celsius: construção de gráficos para indicar a variação da temperatura (mínima e máxima) medida em um dado dia ou em uma semana;(EF04MA24) Registrar as temperaturas máxima e mínima diárias, em locais do seu cotidiano, e elaborar gráficos de colunas com as variações diárias da temperatura, utilizando, inclusive, planilhas eletrônicas.
Matemática;4º ano;Grandezas e medidas;Problemas utilizando o sistema monetário brasileiro;(EF04MA25) Resolver e elaborar problemas que envolvam situações de compra e venda e formas de pagamento, utilizando termos como troco e desconto, enfatizando o consumo ético, consciente e responsável.
Matemática;4º ano;Probabilidade e estatística;Análise de chances de eventos aleatórios;(EF04MA26) Identificar, entre eventos aleatórios cotidianos, aqueles que têm maior chance de ocorrência, reconhecendo características de resultados mais prováveis, sem utilizar frações.
Matemática;4º ano;Probabilidade e estatística;Leitura, interpretação e representação de dados em tabelas de dupla entrada, gráficos de colunas simples e agrupadas, gráficos de barras e colunas e gráficos pictóricos;(EF04MA27) Analisar dados apresentados em tabelas simples ou de dupla entrada e em gráficos de colunas ou pictóricos, com base em informações das diferentes áreas do conhecimento, e produzir texto com a síntese de sua análise.
Matemática;4º ano;Probabilidade e estatística;Diferenciação entre variáveis categóricas e variáveis numéricas Coleta, classificação e representação de dados de pesquisa realizada;(EF04MA28) Realizar pesquisa envolvendo variáveis categóricas e numéricas e organizar dados coletados por meio de tabelas e gráficos de colunas simples ou agrupadas, com e sem uso de tecnologias digitais.
Matemática;5º ano;Números;Sistema de numeração decimal: leitura, escrita e ordenação de números naturais (de até seis ordens);(EF05MA01) Ler, escrever e ordenar números naturais até a ordem das centenas de milhar com compreensão das principais características do sistema de numeração decimal.
Matemática;5º ano;Números;Números racionais expressos na forma decimal e sua representação na reta numérica;(EF05MA02) Ler, escrever e ordenar números racionais na forma decimal com compreensão das principais características do sistema de numeração decimal, utilizando, como recursos, a composição e decomposição e a reta numérica.
Matemática;5º ano;Números;Representação fracionária dos números racionais: reconhecimento, significados, leitura e representação na reta numérica;(EF05MA03) Identificar e representar frações (menores e maiores que a unidade), associando-as ao resultado de uma divisão ou à ideia de parte de um todo, utilizando a reta numérica como recurso.
Matemática;5º ano;Números;Comparação e ordenação de números racionais na representação decimal e na fracionária utilizando a noção de equivalência;(EF05MA04) Identificar frações equivalentes.
Matemática;5º ano;Números;Comparação e ordenação de números racionais na representação decimal e na fracionária utilizando a noção de equivalência;(EF05MA05) Comparar e ordenar números racionais positivos (representações fracionária e decimal), relacionando-os a pontos na reta numérica.
Matemática;5º ano;Números;Cálculo de porcentagens e representação fracionária;(EF05MA06) Associar as representações 10%, 25%, 50%, 75% e 100% respectivamente à décima parte, quarta parte, metade, três quartos e um inteiro, para calcular porcentagens, utilizando estratégias pessoais, cálculo mental e calculadora, em contextos de educação financeira, entre outros.
Matemática;5º ano;Números;Problemas: adição e subtração de números naturais e números racionais cuja representação decimal é finita;(EF05MA07) Resolver e elaborar problemas de adição e subtração com números naturais e com números racionais, cuja representação decimal seja finita, utilizando estratégias diversas, como cálculo por estimativa, cálculo mental e algoritmos.
Matemática;5º ano;Números;Problemas: multiplicação e divisão de números racionais cuja representação decimal é finita por números naturais;(EF05MA08) Resolver e elaborar problemas de multiplicação e divisão com números naturais e com números racionais cuja representação decimal é finita (com multiplicador natural e divisor natural e diferente de zero), utilizando estratégias diversas, como cálculo por estimativa, cálculo mental e algoritmos.
Matemática;5º ano;Números;Problemas de contagem do tipo: “Se cada objeto de uma coleção A for combinado com todos os elementos de uma coleção B, quantos agrupamentos desse tipo podem ser formados?”;(EF05MA09) Resolver e elaborar problemas simples de contagem envolvendo o princípio multiplicativo, como a determinação do número de agrupamentos possíveis ao se combinar cada elemento de uma coleção com todos os elementos de outra coleção, por meio de diagramas de árvore ou por tabelas.
Matemática;5º ano;Álgebra;Propriedades da igualdade e noção de equivalência;(EF05MA10) Concluir, por meio de investigações, que a relação de igualdade existente entre dois membros permanece ao adicionar, subtrair, multiplicar ou dividir cada um desses membros por um mesmo número, para construir a noção de equivalência.
Matemática;5º ano;Álgebra;Propriedades da igualdade e noção de equivalência;(EF05MA11) Resolver e elaborar problemas cuja conversão em sentença matemática seja uma igualdade com uma operação em que um dos termos é desconhecido.
Matemática;5º ano;Álgebra;Grandezas diretamente proporcionais Problemas envolvendo a partição de um todo em duas partes proporcionais;(EF05MA12) Resolver problemas que envolvam variação de proporcionalidade direta entre duas grandezas, para associar a quantidade de um produto ao valor a pagar, alterar as quantidades de ingredientes de receitas, ampliar ou reduzir escala em mapas, entre outros.
Matemática;5º ano;Álgebra;Grandezas diretamente proporcionais Problemas envolvendo a partição de um todo em duas partes proporcionais;(EF05MA13) Resolver problemas envolvendo a partilha de uma quantidade em duas partes desiguais, tais como dividir uma quantidade em duas partes, de modo que uma seja o dobro da outra, com compreensão da ideia de razão entre as partes e delas com o todo.
Matemática;5º ano;Geometria;Plano cartesiano: coordenadas cartesianas (1º quadrante) e representação de deslocamentos no plano cartesiano;(EF05MA14) Utilizar e compreender diferentes representações para a localização de objetos no plano, como mapas, células em planilhas eletrônicas e coordenadas geográficas, a fim de desenvolver as primeiras noções de coordenadas cartesianas.
Matemática;5º ano;Geometria;Plano cartesiano: coordenadas cartesianas (1º quadrante) e representação de deslocamentos no plano cartesiano;(EF05MA15) Interpretar, descrever e representar a localização ou movimentação de objetos no plano cartesiano (1º quadrante), utilizando coordenadas cartesianas, indicando mudanças de direção e de sentido e giros.
Matemática;5º ano;Geometria;Figuras geométricas espaciais: reconhecimento, representações, planificações e características;(EF05MA16) Associar figuras espaciais a suas planificações (prismas, pirâmides, cilindros e cones) e analisar, nomear e comparar seus atributos.
Matemática;5º ano;Geometria;Figuras geométricas planas: características, representações e ângulos;(EF05MA17) Reconhecer, nomear e comparar polígonos, considerando lados, vértices e ângulos, e desenhá-los, utilizando material de desenho ou tecnologias digitais.
Matemática;5º ano;Geometria;Ampliação e redução de figuras poligonais em malhas quadriculadas: reconhecimento da congruência dos ângulos e da proporcionalidade dos lados correspondentes;(EF05MA18) Reconhecer a congruência dos ângulos e a proporcionalidade entre os lados correspondentes de figuras poligonais em situações de ampliação e de redução em malhas quadriculadas e usando tecnologias digitais.
Matemática;5º ano;Grandezas e medidas;Medidas de comprimento, área, massa, tempo, temperatura e capacidade: utilização de unidades convencionais e relações entre as unidades de medida mais usuais;(EF05MA19) Resolver e elaborar problemas envolvendo medidas das grandezas comprimento, área, massa, tempo, temperatura e capacidade, recorrendo a transformações entre as unidades mais usuais em contextos socioculturais.
Matemática;5º ano;Grandezas e medidas;Áreas e perímetros de figuras poligonais: algumas relações;(EF05MA20) Concluir, por meio de investigações, que figuras de perímetros iguais podem ter áreas diferentes e que, também, figuras que têm a mesma área podem ter perímetros diferentes.
Matemática;5º ano;Grandezas e medidas;Noção de volume;(EF05MA21) Reconhecer volume como grandeza associada a sólidos geométricos e medir volumes por meio de empilhamento de cubos, utilizando, preferencialmente, objetos concretos.
Matemática;5º ano;Probabilidade e estatística;Espaço amostral: análise de chances de eventos aleatórios;(EF05MA22) Apresentar todos os possíveis resultados de um experimento aleatório, estimando se esses resultados são igualmente prováveis ou não.
Matemática;5º ano;Probabilidade e estatística;Cálculo de probabilidade de eventos equiprováveis;(EF05MA23) Determinar a probabilidade de ocorrência de um resultado em eventos aleatórios, quando todos os resultados possíveis têm a mesma chance de ocorrer (equiprováveis).
Matemática;5º ano;Probabilidade e estatística;Leitura, coleta, classificação interpretação e representação de dados em tabelas de dupla entrada, gráfico de colunas agrupadas, gráficos pictóricos e gráfico de linhas;(EF05MA24) Interpretar dados estatísticos apresentados em textos, tabelas e gráficos (colunas ou linhas), referentes a outras áreas do conhecimento ou a outros contextos, como saúde e trânsito, e produzir textos com o objetivo de sintetizar conclusões.
Matemática;5º ano;Probabilidade e estatística;Leitura, coleta, classificação interpretação e representação de dados em tabelas de dupla entrada, gráfico de colunas agrupadas, gráficos pictóricos e gráfico de linhas;(EF05MA25) Realizar pesquisa envolvendo variáveis categóricas e numéricas, organizar dados coletados por meio de tabelas, gráficos de colunas, pictóricos e de linhas, com e sem uso de tecnologias digitais, e apresentar texto escrito sobre a finalidade da pesquisa e a síntese dos resultados.
Ciências;1º ano;Matéria e energia;Características dos materiais;(EF01CI01) Comparar características de diferentes materiais presentes em objetos de uso cotidiano, discutindo sua origem, os modos como são descartados e como podem ser usados de forma mais consciente.
Ciências;1º ano;Vida e evolução;Corpo humano Respeito à diversidade;(EF01CI02) Localizar, nomear e representar graficamente (por meio de desenhos) partes do corpo humano e explicar suas funções.
Ciências;1º ano;Vida e evolução;Corpo humano Respeito à diversidade;(EF01CI03) Discutir as razões pelas quais os hábitos de higiene do corpo (lavar as mãos antes de comer, escovar os dentes, limpar os olhos, o nariz e as orelhas etc.) são necessários para a manutenção da saúde.
Ciências;1º ano;Vida e evolução;Corpo humano Respeito à diversidade;(EF01CI04) Comparar características físicas entre os colegas, reconhecendo a diversidade e a importância da valorização, do acolhimento e do respeito às diferenças.
Ciências;1º ano;Terra e Universo;Escalas de tempo;(EF01CI05) Identificar e nomear diferentes escalas de tempo: os períodos diários (manhã, tarde, noite) e a sucessão de dias, semanas, meses e anos.
Ciências;1º ano;Terra e Universo;Escalas de tempo;(EF01CI06) Selecionar exemplos de como a sucessão de dias e noites orienta o ritmo de atividades diárias de seres humanos e de outros seres vivos.
Ciências;2º ano;Matéria e energia;Propriedades e usos dos materiais Prevenção de acidentes domésticos;(EF02CI01) Identificar de que materiais (metais, madeira, vidro etc.) são feitos os objetos que fazem parte da vida cotidiana, como esses objetos são utilizados e com quais materiais eram produzidos no passado.
Ciências;2º ano;Matéria e energia;Propriedades e usos dos materiais Prevenção de acidentes domésticos;(EF02CI02) Propor o uso de diferentes materiais para a construção de objetos de uso cotidiano, tendo em vista algumas propriedades desses materiais (flexibilidade, dureza, transparência etc.).
Ciências;2º ano;Matéria e energia;Propriedades e usos dos materiais Prevenção de acidentes domésticos;(EF02CI03) Discutir os cuidados necessários à prevenção de acidentes domésticos (objetos cortantes e inflamáveis, eletricidade, produtos de limpeza, medicamentos etc.).
Ciências;2º ano;Vida e evolução;Seres vivos no ambiente Plantas;(EF02CI04) Descrever características de plantas e animais (tamanho, forma, cor, fase da vida, local onde se desenvolvem etc.) que fazem parte de seu cotidiano e relacioná-las ao ambiente em que eles vivem.
Ciências;2º ano;Vida e evolução;Seres vivos no ambiente Plantas;(EF02CI05) Investigar a importância da água e da luz para a manutenção da vida de plantas em geral.
Ciências;2º ano;Vida e evolução;Seres vivos no ambiente Plantas;(EF02CI06) Identificar as principais partes de uma planta (raiz, caule, folhas, flores e frutos) e a função desempenhada por cada uma delas, e analisar as relações entre as plantas, o ambiente e os demais seres vivos.
Ciências;2º ano;Terra e Universo;Movimento aparente do Sol no céu O Sol como fonte de luz e calor;(EF02CI07) Descrever as posições do Sol em diversos horários do dia e associá-las ao tamanho da sombra projetada.
Ciências;2º ano;Terra e Universo;Movimento aparente do Sol no céu O Sol como fonte de luz e calor;(EF02CI08) Comparar o efeito da radiação solar (aquecimento e reflexão) em diferentes tipos de superfície (água, areia, solo, superfícies escura, clara e metálica etc.).
Ciências;3º ano;Matéria e energia;Produção de som Efeitos da luz nos materiais Saúde auditiva e visual;(EF03CI01) Produzir diferentes sons a partir da vibração de variados objetos e identificar variáveis que influem nesse fenômeno.
Ciências;3º ano;Matéria e energia;Produção de som Efeitos da luz nos materiais Saúde auditiva e visual;(EF03CI02) Experimentar e relatar o que ocorre com a passagem da luz através de objetos transparentes (copos, janelas de vidro, lentes, prismas, água etc.), no contato com superfícies polidas (espelhos) e na intersecção com objetos opacos (paredes, pratos, pessoas e outros objetos de uso cotidiano).
Ciências;3º ano;Matéria e energia;Produção de som Efeitos da luz nos materiais Saúde auditiva e visual;(EF03CI03) Discutir hábitos necessários para a manutenção da saúde auditiva e visual considerando as condições do ambiente em termos de som e luz.
Ciências;3º ano;Vida e evolução;Características e desenvolvimento dos animais;(EF03CI04) Identificar características sobre o modo de vida (o que comem, como se reproduzem, como se deslocam etc.) dos animais mais comuns no ambiente próximo.
Ciências;3º ano;Vida e evolução;Características e desenvolvimento dos animais;(EF03CI05) Descrever e comunicar as alterações que ocorrem desde o nascimento em animais de diferentes meios terrestres ou aquáticos, inclusive o homem.
Ciências;3º ano;Vida e evolução;Características e desenvolvimento dos animais;(EF03CI06) Comparar alguns animais e organizar grupos com base em características externas comuns (presença de penas, pelos, escamas, bico, garras, antenas, patas etc.).
Ciências;3º ano;Terra e Universo;Características da Terra Observação do céu Usos do solo;(EF03CI07) Identificar características da Terra (como seu formato esférico, a presença de água, solo etc.), com base na observação, manipulação e comparação de diferentes formas de representação do planeta (mapas, globos, fotografias etc.).
Ciências;3º ano;Terra e Universo;Características da Terra Observação do céu Usos do solo;(EF03CI08) Observar, identificar e registrar os períodos diários (dia e/ou noite) em que o Sol, demais estrelas, Lua e planetas estão visíveis no céu.
Ciências;3º ano;Terra e Universo;Características da Terra Observação do céu Usos do solo;(EF03CI09) Comparar diferentes amostras de solo do entorno da escola com base em características como cor, textura, cheiro, tamanho das partículas, permeabilidade etc.
Ciências;3º ano;Terra e Universo;Características da Terra Observação do céu Usos do solo;(EF03CI10) Identificar os diferentes usos do solo (plantação e extração de materiais, dentre outras possibilidades), reconhecendo a importância do solo para a agricultura e para a vida.
Ciências;4º ano;Matéria e energia;Misturas Transformações reversíveis e não reversíveis;(EF04CI01) Identificar misturas na vida diária, com base em suas propriedades físicas observáveis, reconhecendo sua composição.
Ciências;4º ano;Matéria e energia;Misturas Transformações reversíveis e não reversíveis;(EF04CI02) Testar e relatar transformações nos materiais do dia a dia quando expostos a diferentes condições (aquecimento, resfriamento, luz e umidade).
Ciências;4º ano;Matéria e energia;Misturas Transformações reversíveis e não reversíveis;(EF04CI03) Concluir que algumas mudanças causadas por aquecimento ou resfriamento são reversíveis (como as mudanças de estado físico da água) e outras não (como o cozimento do ovo, a queima do papel etc.).
Ciências;4º ano;Vida e evolução;Cadeias alimentares simples Microrganismos;(EF04CI04) Analisar e construir cadeias alimentares simples, reconhecendo a posição ocupada pelos seres vivos nessas cadeias e o papel do Sol como fonte primária de energia na produção de alimentos.
Ciências;4º ano;Vida e evolução;Cadeias alimentares simples Microrganismos;(EF04CI05) Descrever e destacar semelhanças e diferenças entre o ciclo da matéria e o fluxo de energia entre os componentes vivos e não vivos de um ecossistema.
Ciências;4º ano;Vida e evolução;Cadeias alimentares simples Microrganismos;(EF04CI06) Relacionar a participação de fungos e bactérias no processo de decomposição, reconhecendo a importância ambiental desse processo.
Ciências;4º ano;Vida e evolução;Cadeias alimentares simples Microrganismos;(EF04CI07) Verificar a participação de microrganismos na produção de alimentos, combustíveis, medicamentos, entre outros.
Ciências;4º ano;Vida e evolução;Cadeias alimentares simples Microrganismos;(EF04CI08) Propor, a partir do conhecimento das formas de transmissão de alguns microrganismos (vírus, bactérias e protozoários), atitudes e medidas adequadas para prevenção de doenças a eles associadas.
Ciências;4º ano;Terra e Universo;Pontos cardeais Calendários, fenômenos cíclicos e cultura;(EF04CI09) Identificar os pontos cardeais, com base no registro de diferentes posições relativas do Sol e da sombra de uma vara (gnômon).
Ciências;4º ano;Terra e Universo;Pontos cardeais Calendários, fenômenos cíclicos e cultura;(EF04CI10) Comparar as indicações dos pontos cardeais resultantes da observação das sombras de uma vara (gnômon) com aquelas obtidas por meio de uma bússola.
Ciências;4º ano;Terra e Universo;Pontos cardeais Calendários, fenômenos cíclicos e cultura;(EF04CI11) Associar os movimentos cíclicos da Lua e da Terra a períodos de tempo regulares e ao uso desse conhecimento para a construção de calendários em diferentes culturas.
Ciências;5º ano;Matéria e energia;Propriedades físicas dos materiais Ciclo hidrológico Consumo consciente  Reciclagem;(EF05CI01) Explorar fenômenos da vida cotidiana que evidenciem propriedades físicas dos materiais – como densidade, condutibilidade térmica e elétrica, respostas a forças magnéticas, solubilidade, respostas a forças mecânicas (dureza, elasticidade etc.), entre outras.
Ciências;5º ano;Matéria e energia;Propriedades físicas dos materiais Ciclo hidrológico Consumo consciente  Reciclagem;(EF05CI02) Aplicar os conhecimentos sobre as mudanças de estado físico da água para explicar o ciclo hidrológico e analisar suas implicações na agricultura, no clima, na geração de energia elétrica, no provimento de água potável e no equilíbrio dos ecossistemas regionais (ou locais).
Ciências;5º ano;Matéria e energia;Propriedades físicas dos materiais Ciclo hidrológico Consumo consciente  Reciclagem;(EF05CI03) Selecionar argumentos que justifiquem a importância da cobertura vegetal para a manutenção do ciclo da água, a conservação dos solos, dos cursos de água e da qualidade do ar atmosférico.
Ciências;5º ano;Matéria e energia;Propriedades físicas dos materiais Ciclo hidrológico Consumo consciente  Reciclagem;(EF05CI04) Identificar os principais usos da água e de outros materiais nas atividades cotidianas para discutir e propor formas sustentáveis de utilização desses recursos.
Ciências;5º ano;Matéria e energia;Propriedades físicas dos materiais Ciclo hidrológico Consumo consciente  Reciclagem;(EF05CI05) Construir propostas coletivas para um consumo mais consciente e criar soluções tecnológicas para o descarte adequado e a reutilização ou reciclagem de materiais consumidos na escola e/ou na vida cotidiana.
Ciências;5º ano;Vida e evolução;Nutrição do organismo Hábitos alimentares Integração entre os sistemas digestório, respiratório e circulatório;(EF05CI06) Selecionar argumentos que justifiquem por que os sistemas digestório e respiratório são considerados corresponsáveis pelo processo de nutrição do organismo, com base na identificação das funções desses sistemas.
Ciências;5º ano;Vida e evolução;Nutrição do organismo Hábitos alimentares Integração entre os sistemas digestório, respiratório e circulatório;(EF05CI07) Justificar a relação entre o funcionamento do sistema circulatório, a distribuição dos nutrientes pelo organismo e a eliminação dos resíduos produzidos.
Ciências;5º ano;Vida e evolução;Nutrição do organismo Hábitos alimentares Integração entre os sistemas digestório, respiratório e circulatório;(EF05CI08) Organizar um cardápio equilibrado com base nas características dos grupos alimentares (nutrientes e calorias) e nas necessidades individuais (atividades realizadas, idade, sexo etc.) para a manutenção da saúde do organismo.
Ciências;5º ano;Vida e evolução;Nutrição do organismo Hábitos alimentares Integração entre os sistemas digestório, respiratório e circulatório;(EF05CI09) Discutir a ocorrência de distúrbios nutricionais (como obesidade, subnutrição etc.) entre crianças e jovens a partir da análise de seus hábitos (tipos e quantidade de alimento ingerido, prática de atividade física etc.).
Ciências;5º ano;Terra e Universo;Constelações e mapas celestes Movimento de rotação da Terra Periodicidade das fases da Lua Instrumentos óticos;(EF05CI10) Identificar algumas constelações no céu, com o apoio de recursos (como mapas celestes e aplicativos digitais, entre outros), e os períodos do ano em que elas são visíveis no início da noite.
Ciências;5º ano;Terra e Universo;Constelações e mapas celestes Movimento de rotação da Terra Periodicidade das fases da Lua Instrumentos óticos;(EF05CI11) Associar o movimento diário do Sol e das demais estrelas no céu ao movimento de rotação da Terra.
Ciências;5º ano;Terra e Universo;Constelações e mapas celestes Movimento de rotação da Terra Periodicidade das fases da Lua Instrumentos óticos;(EF05CI12) Concluir sobre a periodicidade das fases da Lua, com base na observação e no registro das formas aparentes da Lua no céu ao longo de, pelo menos, dois meses.
Ciências;5º ano;Terra e Universo;Constelações e mapas celestes Movimento de rotação da Terra Periodicidade das fases da Lua Instrumentos óticos;(EF05CI13) Projetar e construir dispositivos para observação à distância (luneta, periscópio etc.), para observação ampliada de objetos (lupas, microscópios) ou para registro de imagens (máquinas fotográficas) e discutir usos sociais desses dispositivos.
Geografia;1º ano;O sujeito e seu lugar no mundo;O modo de vida das crianças em diferentes lugares;(EF01GE01) Descrever características observadas de seus lugares de vivência (moradia, escola etc.) e identificar semelhanças e diferenças entre esses lugares.
Geografia;1º ano;O sujeito e seu lugar no mundo;O modo de vida das crianças em diferentes lugares;(EF01GE02) Identificar semelhanças e diferenças entre jogos e brincadeiras de diferentes épocas e lugares.
Geografia;1º ano;O sujeito e seu lugar no mundo;Situações de convívio em diferentes lugares;(EF01GE03) Identificar e relatar semelhanças e diferenças de usos do espaço público (praças, parques) para o lazer e diferentes manifestações.
Geografia;1º ano;O sujeito e seu lugar no mundo;Situações de convívio em diferentes lugares;(EF01GE04) Discutir e elaborar, coletivamente, regras de convívio em diferentes espaços (sala de aula, escola etc.).
Geografia;1º ano;Conexões e escalas;Ciclos naturais e a vida cotidiana;(EF01GE05) Observar e descrever ritmos naturais (dia e noite, variação de temperatura e umidade etc.) em diferentes escalas espaciais e temporais, comparando a sua realidade com outras.
Geografia;1º ano;Mundo do trabalho;Diferentes tipos de trabalho existentes no seu dia a dia;(EF01GE06) Descrever e comparar diferentes tipos de moradia ou objetos de uso cotidiano (brinquedos, roupas, mobiliários), considerando técnicas e materiais utilizados em sua produção.
Geografia;1º ano;Mundo do trabalho;Diferentes tipos de trabalho existentes no seu dia a dia;(EF01GE07) Descrever atividades de trabalho relacionadas com o dia a dia da sua comunidade.
Geografia;1º ano;Formas de representação e pensamento espacial;Pontos de referência;(EF01GE08) Criar mapas mentais e desenhos com base em itinerários, contos literários, histórias inventadas e brincadeiras.
Geografia;1º ano;Formas de representação e pensamento espacial;Pontos de referência;(EF01GE09) Elaborar e utilizar mapas simples para localizar elementos do local de vivência, considerando referenciais espaciais (frente e atrás, esquerda e direita, em cima e embaixo, dentro e fora) e tendo o corpo como referência.
Geografia;1º ano;Natureza, ambientes e qualidade de vida;Condições de vida nos lugares de vivência;(EF01GE10) Descrever características de seus lugares de vivência relacionadas aos ritmos da natureza (chuva, vento, calor etc.).
Geografia;1º ano;Natureza, ambientes e qualidade de vida;Condições de vida nos lugares de vivência;(EF01GE11) Associar mudanças de vestuário e hábitos alimentares em sua comunidade ao longo do ano, decorrentes da variação de temperatura e umidade no ambiente.
Geografia;2º ano;O sujeito e seu lugar no mundo;Convivência e interações entre pessoas na comunidade;(EF02GE01) Descrever a história das migrações no bairro ou comunidade em que vive.
Geografia;2º ano;O sujeito e seu lugar no mundo;Convivência e interações entre pessoas na comunidade;(EF02GE02) Comparar costumes e tradições de diferentes populações inseridas no bairro ou comunidade em que vive, reconhecendo a importância do respeito às diferenças.
Geografia;2º ano;O sujeito e seu lugar no mundo;Riscos e cuidados nos meios de transporte e de comunicação;(EF02GE03) Comparar diferentes meios de transporte e de comunicação, indicando o seu papel na conexão entre lugares, e discutir os riscos para a vida e para o ambiente e seu uso responsável.
Geografia;2º ano;Conexões e escalas;Experiências da comunidade no tempo e no espaço;(EF02GE04) Reconhecer semelhanças e diferenças nos hábitos, nas relações com a natureza e no modo de viver de pessoas em diferentes lugares.
Geografia;2º ano;Conexões e escalas;Mudanças e permanências;(EF02GE05) Analisar mudanças e permanências, comparando imagens de um mesmo lugar em diferentes tempos.
Geografia;2º ano;Mundo do trabalho;Tipos de trabalho em lugares e tempos diferentes;(EF02GE06) Relacionar o dia e a noite a diferentes tipos de atividades sociais (horário escolar, comercial, sono etc.).
Geografia;2º ano;Mundo do trabalho;Tipos de trabalho em lugares e tempos diferentes;(EF02GE07) Descrever as atividades extrativas (minerais, agropecuárias e industriais) de diferentes lugares, identificando os impactos ambientais.
Geografia;2º ano;Formas de representação e pensamento espacial;Localização, orientação e representação espacial;(EF02GE08) Identificar e elaborar diferentes formas de representação (desenhos, mapas mentais, maquetes) para representar componentes da paisagem dos lugares de vivência.
Geografia;2º ano;Formas de representação e pensamento espacial;Localização, orientação e representação espacial;(EF02GE09) Identificar objetos e lugares de vivência (escola e moradia) em imagens aéreas e mapas (visão vertical) e fotografias (visão oblíqua).
Geografia;2º ano;Formas de representação e pensamento espacial;Localização, orientação e representação espacial;(EF02GE10) Aplicar princípios de localização e posição de objetos (referenciais espaciais, como frente e atrás, esquerda e direita, em cima e embaixo, dentro e fora) por meio de representações espaciais da sala de aula e da escola.
Geografia;2º ano;Natureza, ambientes e qualidade de vida;Os usos dos recursos naturais: solo e água no campo e na cidade;(EF02GE11) Reconhecer a importância do solo e da água para a vida, identificando seus diferentes usos (plantação e extração de materiais, entre outras possibilidades) e os impactos desses usos no cotidiano da cidade e do campo.
Geografia;3º ano;O sujeito e seu lugar no mundo;A cidade e o campo: aproximações e diferenças;(EF03GE01) Identificar e comparar aspectos culturais dos grupos sociais de seus lugares de vivência, seja na cidade, seja no campo.
Geografia;3º ano;O sujeito e seu lugar no mundo;A cidade e o campo: aproximações e diferenças;(EF03GE02) Identificar, em seus lugares de vivência, marcas de contribuição cultural e econômica de grupos de diferentes origens.
Geografia;3º ano;O sujeito e seu lugar no mundo;A cidade e o campo: aproximações e diferenças;(EF03GE03) Reconhecer os diferentes modos de vida de povos e comunidades tradicionais em distintos lugares.
Geografia;3º ano;Conexões e escalas;Paisagens naturais e antrópicas em transformação;(EF03GE04) Explicar como os processos naturais e históricos atuam na produção e na mudança das paisagens naturais e antrópicas nos seus lugares de vivência, comparando-os a outros lugares.
Geografia;3º ano;Mundo do trabalho;Matéria-prima e indústria;(EF03GE05) Identificar alimentos, minerais e outros produtos cultivados e extraídos da natureza, comparando as atividades de trabalho em diferentes lugares.
Geografia;3º ano;Formas de representação e pensamento espacial;Representações cartográficas;(EF03GE06) Identificar e interpretar imagens bidimensionais e tridimensionais em diferentes tipos de representação cartográfica.
Geografia;3º ano;Formas de representação e pensamento espacial;Representações cartográficas;(EF03GE07) Reconhecer e elaborar legendas com símbolos de diversos tipos de representações em diferentes escalas cartográficas.
Geografia;3º ano;Natureza, ambientes e qualidade de vida;Produção, circulação e consumo;(EF03GE08) Relacionar a produção de lixo doméstico ou da escola aos problemas causados pelo consumo excessivo e construir propostas para o consumo consciente, considerando a ampliação de hábitos de redução, reúso e reciclagem/ descarte de materiais consumidos em casa, na escola e/ou no entorno.
Geografia;3º ano;Natureza, ambientes e qualidade de vida;Impactos das atividades humanas;(EF03GE09) Investigar os usos dos recursos naturais, com destaque para os usos da água em atividades cotidianas (alimentação, higiene, cultivo de plantas etc.), e discutir os problemas ambientais provocados por esses usos.
Geografia;3º ano;Natureza, ambientes e qualidade de vida;Impactos das atividades humanas;(EF03GE10) Identificar os cuidados necessários para utilização da água na agricultura e na geração de energia de modo a garantir a manutenção do provimento de água potável.
Geografia;3º ano;Natureza, ambientes e qualidade de vida;Impactos das atividades humanas;(EF03GE11) Comparar impactos das atividades econômicas urbanas e rurais sobre o ambiente físico natural, assim como os riscos provenientes do uso de ferramentas e máquinas.
Geografia;4º ano;O sujeito e seu lugar no mundo;Território e diversidade cultural;(EF04GE01) Selecionar, em seus lugares de vivência e em suas histórias familiares e/ou da comunidade, elementos de distintas culturas (indígenas, afro-brasileiras, de outras regiões do país, latino-americanas, europeias, asiáticas etc.), valorizando o que é próprio em cada uma delas e sua contribuição para a formação da cultura local, regional e brasileira.
Geografia;4º ano;O sujeito e seu lugar no mundo;Processos migratórios no Brasil;(EF04GE02) Descrever processos migratórios e suas contribuições para a formação da sociedade brasileira.
Geografia;4º ano;O sujeito e seu lugar no mundo;Instâncias do poder público e canais de participação social;(EF04GE03) Distinguir funções e papéis dos órgãos do poder público municipal e canais de participação social na gestão do Município, incluindo a Câmara de Vereadores e Conselhos Municipais.
Geografia;4º ano;Conexões e escalas;Relação campo e cidade;(EF04GE04) Reconhecer especificidades e analisar a interdependência do campo e da cidade, considerando fluxos econômicos, de informações, de ideias e de pessoas.
Geografia;4º ano;Conexões e escalas;Unidades político-administrativas do Brasil;(EF04GE05) Distinguir unidades político-administrativas oficiais nacionais (Distrito, Município, Unidade da Federação e grande região), suas fronteiras e sua hierarquia, localizando seus lugares de vivência.
Geografia;4º ano;Conexões e escalas;Territórios étnico-culturais;(EF04GE06) Identificar e descrever territórios étnico-culturais existentes no Brasil, tais como terras indígenas e de comunidades remanescentes de quilombos, reconhecendo a legitimidade da demarcação desses territórios.
Geografia;4º ano;Mundo do trabalho;Trabalho no campo e na cidade;(EF04GE07) Comparar as características do trabalho no campo e na cidade.
Geografia;4º ano;Mundo do trabalho;Produção, circulação e consumo;(EF04GE08) Descrever e discutir o processo de produção (transformação de matérias-primas), circulação e consumo de diferentes produtos.
Geografia;4º ano;Formas de representação e pensamento espacial;Sistema de orientação;(EF04GE09) Utilizar as direções cardeais na localização de componentes físicos e humanos nas paisagens rurais e urbanas.
Geografia;4º ano;Formas de representação e pensamento espacial;Elementos constitutivos dos mapas;(EF04GE10) Comparar tipos variados de mapas, identificando suas características, elaboradores, finalidades, diferenças e semelhanças.
Geografia;4º ano;Natureza, ambientes e qualidade de vida;Conservação e degradação da natureza;(EF04GE11) Identificar as características das paisagens naturais e antrópicas (relevo, cobertura vegetal, rios etc.) no ambiente em que vive, bem como a ação humana na conservação ou degradação dessas áreas.
Geografia;5º ano;O sujeito e seu lugar no mundo;Dinâmica populacional;(EF05GE01) Descrever e analisar dinâmicas populacionais na Unidade da Federação em que vive, estabelecendo relações entre migrações e condições de infraestrutura.
Geografia;5º ano;O sujeito e seu lugar no mundo;Diferenças étnico-raciais e étnico-culturais e desigualdades sociais;(EF05GE02) Identificar diferenças étnico-raciais e étnico-culturais e desigualdades sociais entre grupos em diferentes territórios.
Geografia;5º ano;Conexões e escalas;Território, redes e urbanização;(EF05GE03) Identificar as formas e funções das cidades e analisar as mudanças sociais, econômicas e ambientais provocadas pelo seu crescimento.
Geografia;5º ano;Conexões e escalas;Território, redes e urbanização;(EF05GE04) Reconhecer as características da cidade e analisar as interações entre a cidade e o campo e entre cidades na rede urbana.
Geografia;5º ano;Mundo do trabalho;Trabalho e inovação tecnológica;(EF05GE05) Identificar e comparar as mudanças dos tipos de trabalho e desenvolvimento tecnológico na agropecuária, na indústria, no comércio e nos serviços.
Geografia;5º ano;Mundo do trabalho;Trabalho e inovação tecnológica;(EF05GE06) Identificar e comparar transformações dos meios de transporte e de comunicação.
Geografia;5º ano;Mundo do trabalho;Trabalho e inovação tecnológica;(EF05GE07) Identificar os diferentes tipos de energia utilizados na produção industrial, agrícola e extrativa e no cotidiano das populações.
Geografia;5º ano;Formas de representação e pensamento espacial;Mapas e imagens de satélite;(EF05GE08) Analisar transformações de paisagens nas cidades, comparando sequência de fotografias, fotografias aéreas e imagens de satélite de épocas diferentes.
Geografia;5º ano;Formas de representação e pensamento espacial;Representação das cidades e do espaço urbano;(EF05GE09) Estabelecer conexões e hierarquias entre diferentes cidades, utilizando mapas temáticos e representações gráficas.
Geografia;5º ano;Natureza, ambientes e qualidade de vida;Qualidade ambiental;(EF05GE10) Reconhecer e comparar atributos da qualidade ambiental e algumas formas de poluição dos cursos de água e dos oceanos (esgotos, efluentes industriais, marés negras etc.).
Geografia;5º ano;Natureza, ambientes e qualidade de vida;Diferentes tipos de poluição;(EF05GE11) Identificar e descrever problemas ambientais que ocorrem no entorno da escola e da residência (lixões, indústrias poluentes, destruição do patrimônio histórico etc.), propondo soluções (inclusive tecnológicas) para esses problemas.
Geografia;5º ano;Natureza, ambientes e qualidade de vida;Gestão pública da qualidade de vida;(EF05GE12) Identificar órgãos do poder público e canais de participação social responsáveis por buscar soluções para a melhoria da qualidade de vida (em áreas como meio ambiente, mobilidade, moradia e direito à cidade) e discutir as propostas implementadas por esses órgãos que afetam a comunidade em que vive.
História;1º ano;Mundo pessoal: meu lugar no mundo;As fases da vida e a ideia de temporalidade (passado, presente, futuro);(EF01HI01) Identificar aspectos do seu crescimento por meio do registro das lembranças particulares ou de lembranças dos membros de sua família e/ou de sua comunidade.
História;1º ano;Mundo pessoal: meu lugar no mundo;As diferentes formas de organização da família e da comunidade: os vínculos pessoais e as relações de amizade;(EF01HI02) Identificar a relação entre as suas histórias e as histórias de sua família e de sua comunidade.
História;1º ano;Mundo pessoal: meu lugar no mundo;As diferentes formas de organização da família e da comunidade: os vínculos pessoais e as relações de amizade;(EF01HI03) Descrever e distinguir os seus papéis e responsabilidades relacionados à família, à escola e à comunidade.
História;1º ano;Mundo pessoal: meu lugar no mundo;A escola e a diversidade do grupo social envolvido;(EF01HI04) Identificar as diferenças entre os variados ambientes em que vive (doméstico, escolar e da comunidade), reconhecendo as especificidades dos hábitos e das regras que os regem.
História;1º ano;Mundo pessoal: eu, meu grupo social e meu tempo;A vida em casa, a vida na escola e formas de representação social e espacial: os jogos e brincadeiras como forma de interação social e espacial;(EF01HI05) Identificar semelhanças e diferenças entre jogos e brincadeiras atuais e de outras épocas e lugares.
História;1º ano;Mundo pessoal: eu, meu grupo social e meu tempo;A vida em família: diferentes configurações e vínculos;(EF01HI06) Conhecer as histórias da família e da escola e identificar o papel desempenhado por diferentes sujeitos em diferentes espaços.
História;1º ano;Mundo pessoal: eu, meu grupo social e meu tempo;A vida em família: diferentes configurações e vínculos;(EF01HI07) Identificar mudanças e permanências nas formas de organização familiar.
História;1º ano;Mundo pessoal: eu, meu grupo social e meu tempo;A escola, sua representação espacial, sua história e seu papel na comunidade;(EF01HI08) Reconhecer o significado das comemorações e festas escolares, diferenciando-as das datas festivas comemoradas no âmbito familiar ou da comunidade.
História;2º ano;A comunidade e seus registros;A noção do “Eu” e do “Outro”: comunidade, convivências e interações entre pessoas;(EF02HI01) Reconhecer espaços de sociabilidade e identificar os motivos que aproximam e separam as pessoas em diferentes grupos sociais ou de parentesco.
História;2º ano;A comunidade e seus registros;A noção do “Eu” e do “Outro”: comunidade, convivências e interações entre pessoas;(EF02HI02) Identificar e descrever práticas e papéis sociais que as pessoas exercem em diferentes comunidades.
História;2º ano;A comunidade e seus registros;A noção do “Eu” e do “Outro”: comunidade, convivências e interações entre pessoas;(EF02HI03) Selecionar situações cotidianas que remetam à percepção de mudança, pertencimento e memória.
História;2º ano;A comunidade e seus registros;A noção do “Eu” e do “Outro”: registros de experiências pessoais e da comunidade no tempo e no espaço;(EF02HI04) Selecionar e compreender o significado de objetos e documentos pessoais como fontes de memórias e histórias nos âmbitos pessoal, familiar, escolar e comunitário.
História;2º ano;A comunidade e seus registros;Formas de registrar e narrar histórias (marcos de memória materiais e imateriais);(EF02HI05) Selecionar objetos e documentos pessoais e de grupos próximos ao seu convívio e compreender sua função, seu uso e seu significado.
História;2º ano;A comunidade e seus registros;O tempo como medida;(EF02HI06) Identificar e organizar, temporalmente, fatos da vida cotidiana, usando noções relacionadas ao tempo (antes, durante, ao mesmo tempo e depois).
História;2º ano;A comunidade e seus registros;O tempo como medida;(EF02HI07) Identificar e utilizar diferentes marcadores do tempo presentes na comunidade, como relógio e calendário.
História;2º ano;As formas de registrar as experiências da comunidade;As fontes: relatos orais, objetos, imagens (pinturas, fotografias, vídeos), músicas, escrita, tecnologias digitais de informação e comunicação e inscrições nas paredes, ruas e espaços sociais;(EF02HI08) Compilar histórias da família e/ou da comunidade registradas em diferentes fontes.
História;2º ano;As formas de registrar as experiências da comunidade;As fontes: relatos orais, objetos, imagens (pinturas, fotografias, vídeos), músicas, escrita, tecnologias digitais de informação e comunicação e inscrições nas paredes, ruas e espaços sociais;(EF02HI09) Identificar objetos e documentos pessoais que remetam à própria experiência no âmbito da família e/ou da comunidade, discutindo as razões pelas quais alguns objetos são preservados e outros são descartados.
História;2º ano;O trabalho e a sustentabilidade na comunidade;A sobrevivência e a relação com a natureza;(EF02HI10) Identificar diferentes formas de trabalho existentes na comunidade em que vive, seus significados, suas especificidades e importância.
História;2º ano;O trabalho e a sustentabilidade na comunidade;A sobrevivência e a relação com a natureza;(EF02HI11) Identificar impactos no ambiente causados pelas diferentes formas de trabalho existentes na comunidade em que vive.
História;3º ano;As pessoas e os grupos que compõem a cidade e o município;O “Eu”, o “Outro” e os diferentes grupos sociais e étnicos que compõem a cidade e os municípios: os desafios sociais, culturais e ambientais do lugar onde vive;(EF03HI01) Identificar os grupos populacionais que formam a cidade, o município e a região, as relações estabelecidas entre eles e os eventos que marcam a formação da cidade, como fenômenos migratórios (vida rural/vida urbana), desmatamentos, estabelecimento de grandes empresas etc.
História;3º ano;As pessoas e os grupos que compõem a cidade e o município;O “Eu”, o “Outro” e os diferentes grupos sociais e étnicos que compõem a cidade e os municípios: os desafios sociais, culturais e ambientais do lugar onde vive;(EF03HI02) Selecionar, por meio da consulta de fontes de diferentes naturezas, e registrar acontecimentos ocorridos ao longo do tempo na cidade ou região em que vive.
História;3º ano;As pessoas e os grupos que compõem a cidade e o município;O “Eu”, o “Outro” e os diferentes grupos sociais e étnicos que compõem a cidade e os municípios: os desafios sociais, culturais e ambientais do lugar onde vive;(EF03HI03) Identificar e comparar pontos de vista em relação a eventos significativos do local em que vive, aspectos relacionados a condições sociais e à presença de diferentes grupos sociais e culturais, com especial destaque para as culturas africanas, indígenas e de migrantes.
História;3º ano;As pessoas e os grupos que compõem a cidade e o município;Os patrimônios históricos e culturais da cidade e/ou do município em que vive;(EF03HI04) Identificar os patrimônios históricos e culturais de sua cidade ou região e discutir as razões culturais, sociais e políticas para que assim sejam considerados.
História;3º ano;O lugar em que vive;A produção dos marcos da memória: os lugares de memória (ruas, praças, escolas, monumentos, museus etc.);(EF03HI05) Identificar os marcos históricos do lugar em que vive e compreender seus significados.
História;3º ano;O lugar em que vive;A produção dos marcos da memória: os lugares de memória (ruas, praças, escolas, monumentos, museus etc.);(EF03HI06) Identificar os registros de memória na cidade (nomes de ruas, monumentos, edifícios etc.), discutindo os critérios que explicam a escolha desses nomes.
História;3º ano;O lugar em que vive;A produção dos marcos da memória: formação cultural da população;(EF03HI07) Identificar semelhanças e diferenças existentes entre comunidades de sua cidade ou região, e descrever o papel dos diferentes grupos sociais que as formam.
História;3º ano;O lugar em que vive;A produção dos marcos da memória: a cidade e o campo, aproximações e diferenças;(EF03HI08) Identificar modos de vida na cidade e no campo no presente, comparando-os com os do passado.
História;3º ano;A noção de espaço público e privado;A cidade, seus espaços públicos e privados e suas áreas de conservação ambiental;(EF03HI09) Mapear os espaços públicos no lugar em que vive (ruas, praças, escolas, hospitais, prédios da Prefeitura e da Câmara de Vereadores etc.) e identificar suas funções.
História;3º ano;A noção de espaço público e privado;A cidade, seus espaços públicos e privados e suas áreas de conservação ambiental;(EF03HI10) Identificar as diferenças entre o espaço doméstico, os espaços públicos e as áreas de conservação ambiental, compreendendo a importância dessa distinção.
História;3º ano;A noção de espaço público e privado;A cidade e suas atividades: trabalho, cultura e lazer;(EF03HI11) Identificar diferenças entre formas de trabalho realizadas na cidade e no campo, considerando também o uso da tecnologia nesses diferentes contextos.
História;3º ano;A noção de espaço público e privado;A cidade e suas atividades: trabalho, cultura e lazer;(EF03HI12) Comparar as relações de trabalho e lazer do presente com as de outros tempos e espaços, analisando mudanças e permanências.
História;4º ano;Transformações e permanências nas trajetórias dos grupos humanos;A ação das pessoas, grupos sociais e comunidades no tempo e no espaço: nomadismo, agricultura, escrita, navegações, indústria, entre outras;(EF04HI01) Reconhecer a história como resultado da ação do ser humano no tempo e no espaço, com base na identificação de mudanças e permanências ao longo do tempo.
História;4º ano;Transformações e permanências nas trajetórias dos grupos humanos;A ação das pessoas, grupos sociais e comunidades no tempo e no espaço: nomadismo, agricultura, escrita, navegações, indústria, entre outras;(EF04HI02) Identificar mudanças e permanências ao longo do tempo, discutindo os sentidos dos grandes marcos da história da humanidade (nomadismo, desenvolvimento da agricultura e do pastoreio, criação da indústria etc.).
História;4º ano;Transformações e permanências nas trajetórias dos grupos humanos;O passado e o presente: a noção de permanência e as lentas transformações sociais e culturais;(EF04HI03) Identificar as transformações ocorridas na cidade ao longo do tempo e discutir suas interferências nos modos de vida de seus habitantes, tomando como ponto de partida o presente.
História;4º ano;Circulação de pessoas, produtos e culturas;A circulação de pessoas e as transformações no meio natural;(EF04HI04) Identificar as relações entre os indivíduos e a natureza e discutir o significado do nomadismo e da fixação das primeiras comunidades humanas.
História;4º ano;Circulação de pessoas, produtos e culturas;A circulação de pessoas e as transformações no meio natural;(EF04HI05) Relacionar os processos de ocupação do campo a intervenções na natureza, avaliando os resultados dessas intervenções.
História;4º ano;Circulação de pessoas, produtos e culturas;A invenção do comércio e a circulação de produtos;(EF04HI06) Identificar as transformações ocorridas nos processos de deslocamento das pessoas e mercadorias, analisando as formas de adaptação ou marginalização.
História;4º ano;Circulação de pessoas, produtos e culturas;As rotas terrestres, fluviais e marítimas e seus impactos para a formação de cidades e as transformações do meio natural;(EF04HI07) Identificar e descrever a importância dos caminhos terrestres, fluviais e marítimos para a dinâmica da vida comercial.
História;4º ano;Circulação de pessoas, produtos e culturas;O mundo da tecnologia: a integração de pessoas e as exclusões sociais e culturais;(EF04HI08) Identificar as transformações ocorridas nos meios de comunicação (cultura oral, imprensa, rádio, televisão, cinema, internet e demais tecnologias digitais de informação e comunicação) e discutir seus significados para os diferentes grupos ou estratos sociais.
História;4º ano;As questões históricas relativas às migrações;O surgimento da espécie humana no continente africano e sua expansão pelo mundo;(EF04HI09) Identificar as motivações dos processos migratórios em diferentes tempos e espaços e avaliar o papel desempenhado pela migração nas regiões de destino.
História;4º ano;As questões históricas relativas às migrações;Os processos migratórios para a formação do Brasil: os grupos indígenas, a presença portuguesa e a diáspora forçada dos africanos Os processos migratórios do final do século XIX e início do século XX no Brasil  As dinâmicas internas de migração no Brasil a partir dos anos 1960;(EF04HI10) Analisar diferentes fluxos populacionais e suas contribuições para a formação da sociedade brasileira.
História;4º ano;As questões históricas relativas às migrações;Os processos migratórios para a formação do Brasil: os grupos indígenas, a presença portuguesa e a diáspora forçada dos africanos Os processos migratórios do final do século XIX e início do século XX no Brasil  As dinâmicas internas de migração no Brasil a partir dos anos 1960;(EF04HI11) Analisar, na sociedade em que vive, a existência ou não de mudanças associadas à migração (interna e internacional).
História;5º ano;Povos e culturas: meu lugar no mundo e meu grupo social;O que forma um povo: do nomadismo aos primeiros povos sedentarizados;(EF05HI01) Identificar os processos de formação das culturas e dos povos, relacionando-os com o espaço geográfico ocupado.
História;5º ano;Povos e culturas: meu lugar no mundo e meu grupo social;As formas de organização social e política: a noção de Estado;(EF05HI02) Identificar os mecanismos de organização do poder político com vistas à compreensão da ideia de Estado e/ou de outras formas de ordenação social.
História;5º ano;Povos e culturas: meu lugar no mundo e meu grupo social;O papel das religiões e da cultura para a formação dos povos antigos;(EF05HI03) Analisar o papel das culturas e das religiões na composição identitária dos povos antigos.
História;5º ano;Povos e culturas: meu lugar no mundo e meu grupo social;Cidadania, diversidade cultural e respeito às diferenças sociais, culturais e históricas;(EF05HI04) Associar a noção de cidadania com os princípios de respeito à diversidade, à pluralidade e aos direitos humanos.
História;5º ano;Povos e culturas: meu lugar no mundo e meu grupo social;Cidadania, diversidade cultural e respeito às diferenças sociais, culturais e históricas;(EF05HI05) Associar o conceito de cidadania à conquista de direitos dos povos e das sociedades, compreendendo-o como conquista histórica.
História;5º ano;Registros da história: linguagens e culturas;As tradições orais e a valorização da memória O surgimento da escrita e a noção de fonte para a transmissão de saberes, culturas e histórias;(EF05HI06) Comparar o uso de diferentes linguagens e tecnologias no processo de comunicação e avaliar os significados sociais, políticos e culturais atribuídos a elas.
História;5º ano;Registros da história: linguagens e culturas;As tradições orais e a valorização da memória O surgimento da escrita e a noção de fonte para a transmissão de saberes, culturas e histórias;(EF05HI07) Identificar os processos de produção, hierarquização e difusão dos marcos de memória e discutir a presença e/ou a ausência de diferentes grupos que compõem a sociedade na nomeação desses marcos de memória.
História;5º ano;Registros da história: linguagens e culturas;As tradições orais e a valorização da memória O surgimento da escrita e a noção de fonte para a transmissão de saberes, culturas e histórias;(EF05HI08) Identificar formas de marcação da passagem do tempo em distintas sociedades, incluindo os povos indígenas originários e os povos africanos.
História;5º ano;Registros da história: linguagens e culturas;As tradições orais e a valorização da memória O surgimento da escrita e a noção de fonte para a transmissão de saberes, culturas e histórias;(EF05HI09) Comparar pontos de vista sobre temas que impactam a vida cotidiana no tempo presente, por meio do acesso a diferentes fontes, incluindo orais.
História;5º ano;Registros da história: linguagens e culturas;Os patrimônios materiais e imateriais da humanidade;(EF05HI10) Inventariar os patrimônios materiais e imateriais da humanidade e analisar mudanças e permanências desses patrimônios ao longo do tempo.
Ensino Religioso;1º ano;Identidades e alteridades;O eu, o outro e o nós;(EF01ER01) Identificar e acolher as semelhanças e diferenças entre o eu, o outro e o nós.
Ensino Religioso;1º ano;Identidades e alteridades;O eu, o outro e o nós;(EF01ER02) Reconhecer que o seu nome e o das demais pessoas os identificam e os diferenciam.
Ensino Religioso;1º ano;Identidades e alteridades;Imanência e transcendência;(EF01ER03) Reconhecer e respeitar as características físicas e subjetivas de cada um.
Ensino Religioso;1º ano;Identidades e alteridades;Imanência e transcendência;(EF01ER04) Valorizar a diversidade de formas de vida.
Ensino Religioso;1º ano;Manifestações religiosas;Sentimentos, lembranças, memórias e saberes;(EF01ER05) Identificar e acolher sentimentos, lembranças, memórias e saberes de cada um.
Ensino Religioso;1º ano;Manifestações religiosas;Sentimentos, lembranças, memórias e saberes;(EF01ER06) Identificar as diferentes formas pelas quais as pessoas manifestam sentimentos, ideias, memórias, gostos e crenças em diferentes espaços.
Ensino Religioso;2º ano;Identidades e alteridades;O eu, a família e o ambiente de convivência;(EF02ER01) Reconhecer os diferentes espaços de convivência.
Ensino Religioso;2º ano;Identidades e alteridades;O eu, a família e o ambiente de convivência;(EF02ER02) Identificar costumes, crenças e formas diversas de viver em variados ambientes de convivência.
Ensino Religioso;2º ano;Identidades e alteridades;Memórias e símbolos;(EF02ER03) Identificar as diferentes formas de registro das memórias pessoais, familiares e escolares (fotos, músicas, narrativas, álbuns...).
Ensino Religioso;2º ano;Identidades e alteridades;Memórias e símbolos;(EF02ER04) Identificar os símbolos presentes nos variados espaços de convivência.
Ensino Religioso;2º ano;Identidades e alteridades;Símbolos religiosos;(EF02ER05) Identificar, distinguir e respeitar símbolos religiosos de distintas manifestações, tradições e instituições religiosas.
Ensino Religioso;2º ano;Manifestações religiosas;Alimentos sagrados;(EF02ER06) Exemplificar alimentos considerados sagrados por diferentes culturas, tradições e expressões religiosas.
Ensino Religioso;2º ano;Manifestações religiosas;Alimentos sagrados;(EF02ER07) Identificar significados atribuídos a alimentos em diferentes manifestações e tradições religiosas.
Ensino Religioso;3º ano;Identidades e alteridades;Espaços e territórios religiosos;(EF03ER01) Identificar e respeitar os diferentes espaços e territórios religiosos de diferentes tradições e movimentos religiosos.
Ensino Religioso;3º ano;Identidades e alteridades;Espaços e territórios religiosos;(EF03ER02) Caracterizar os espaços e territórios religiosos como locais de realização das práticas celebrativas.
Ensino Religioso;3º ano;Manifestações religiosas;Práticas celebrativas;(EF03ER03) Identificar e respeitar práticas celebrativas (cerimônias, orações, festividades, peregrinações, entre outras) de diferentes tradições religiosas.
Ensino Religioso;3º ano;Manifestações religiosas;Práticas celebrativas;(EF03ER04) Caracterizar as práticas celebrativas como parte integrante do conjunto das manifestações religiosas de diferentes culturas e sociedades.
Ensino Religioso;3º ano;Manifestações religiosas;Indumentárias religiosas;(EF03ER05) Reconhecer as indumentárias (roupas, acessórios, símbolos, pinturas corporais) utilizadas em diferentes manifestações e tradições religiosas.
Ensino Religioso;3º ano;Manifestações religiosas;Indumentárias religiosas;(EF03ER06) Caracterizar as indumentárias como elementos integrantes das identidades religiosas.
Ensino Religioso;4º ano;Manifestações religiosas;Ritos religiosos;(EF04ER01) Identificar ritos presentes no cotidiano pessoal, familiar, escolar e comunitário.
Ensino Religioso;4º ano;Manifestações religiosas;Ritos religiosos;(EF04ER02) Identificar ritos e suas funções em diferentes manifestações e tradições religiosas.
Ensino Religioso;4º ano;Manifestações religiosas;Ritos religiosos;(EF04ER03) Caracterizar ritos de iniciação e de passagem em diversos grupos religiosos (nascimento, casamento e morte).
Ensino Religioso;4º ano;Manifestações religiosas;Ritos religiosos;(EF04ER04) Identificar as diversas formas de expressão da espiritualidade (orações, cultos, gestos, cantos, dança, meditação) nas diferentes tradições religiosas.
Ensino Religioso;4º ano;Manifestações religiosas;Representações religiosas na arte;(EF04ER05) Identificar representações religiosas em diferentes expressões artísticas (pinturas, arquitetura, esculturas, ícones, símbolos, imagens), reconhecendo-as como parte da identidade de diferentes culturas e tradições religiosas.
Ensino Religioso;4º ano;Crenças religiosas e filosofias de vida;Ideia(s) de divindade(s);(EF04ER06) Identificar nomes, significados e representações de divindades nos contextos familiar e comunitário.
Ensino Religioso;4º ano;Crenças religiosas e filosofias de vida;Ideia(s) de divindade(s);(EF04ER07) Reconhecer e respeitar as ideias de divindades de diferentes manifestações e tradições religiosas.
Ensino Religioso;5º ano;Crenças religiosas e filosofias de vida;Narrativas religiosas;(EF05ER01) Identificar e respeitar acontecimentos sagrados de diferentes culturas e tradições religiosas como recurso para preservar a memória.
Ensino Religioso;5º ano;Crenças religiosas e filosofias de vida;Mitos nas tradições religiosas;(EF05ER02) Identificar mitos de criação em diferentes culturas e tradições religiosas.
Ensino Religioso;5º ano;Crenças religiosas e filosofias de vida;Mitos nas tradições religiosas;(EF05ER03) Reconhecer funções e mensagens religiosas contidas nos mitos de criação (concepções de mundo, natureza, ser humano, divindades, vida e morte).
Ensino Religioso;5º ano;Crenças religiosas e filosofias de vida;Ancestralidade e tradição oral;(EF05ER04) Reconhecer a importância da tradição oral para preservar memórias e acontecimentos religiosos.
Ensino Religioso;5º ano;Crenças religiosas e filosofias de vida;Ancestralidade e tradição oral;(EF05ER05) Identificar elementos da tradição oral nas culturas e religiosidades indígenas, afro-brasileiras, ciganas, entre outras.
Ensino Religioso;5º ano;Crenças religiosas e filosofias de vida;Ancestralidade e tradição oral;(EF05ER06) Identificar o papel dos sábios e anciãos na comunicação e preservação da tradição oral.
Ensino Religioso;5º ano;Crenças religiosas e filosofias de vida;Ancestralidade e tradição oral;(EF05ER07) Reconhecer, em textos orais, ensinamentos relacionados a modos de ser e viver.
Computação;1º ano;Pensamento computacional;Organização de objetos;(EF01CO01) Organizar objetos físicos ou digitais considerando diferentes características para esta organização, explicitando semelhanças (padrões) e diferenças.
Computação;1º ano;Pensamento computacional;Conceituação de Algoritmos;(EF01CO02) Identificar e seguir sequências de passos aplicados no dia a dia para resolver problemas.
Computação;1º ano;Pensamento computacional;Conceituação de Algoritmos;(EF01CO03) Reorganizar e criar sequências de passos em meios físicos ou digitais, relacionando essas sequências à palavra ‘Algoritmos’.
Computação;1º ano;Mundo digital;Codificação da informação;(EF01CO04) Reconhecer o que é a informação, que ela pode ser armazenada, transmitida como mensagem por diversos meios e descrita em várias linguagens.
Computação;1º ano;Mundo digital;Codificação da informação;(EF01CO05) Representar informação usando diferentes codificações.
Computação;1º ano;Cultura digital;Uso de artefatos computacionais;(EF01CO06) Reconhecer e explorar artefatos computacionais voltados a atender necessidades pessoais ou coletivas.
Computação;1º ano;Cultura digital;Segurança e responsabilidade no uso de tecnologia computaciona;(EF01CO07) Conhecer as possibilidades de uso seguro das tecnologias computacionais para proteção dos dados pessoais e para garantir a própria segurança.
Computação;2º ano;Pensamento computacional;Modelagem de objetos;(EF02CO01) Criar e comparar modelos (representações) de objetos, identificando padrões e atributos essenciais.
Computação;2º ano;Pensamento computacional;Algoritmos com repetições simples;(EF02CO02) Criar e simular algoritmos representados em linguagem oral, escrita ou pictográfica, construídos como sequências com repetições simples (iterações definidas) com base em instruções preestabelecidas ou criadas, analisando como a precisão da instrução impacta na execução do algoritmo.
Computação;2º ano;Mundo digital;Instrução de máquina;(EF02CO03) Identificar que máquinas diferentes executam conjuntos próprios de instruções e que podem ser usadas para definir algoritmos.
Computação;2º ano;Mundo digital;Hardware e software;(EF02CO04) Diferenciar componentes físicos (hardware) e programas que fornecem as instruções (software) para o hardware.
Computação;2º ano;Cultura digital;Uso de artefatos computacionais;(EF02CO05) Reconhecer as características e usos das tecnologias computacionais no cotidiano dentro e fora da escola.
Computação;2º ano;Cultura digital;Segurança e responsabilidade no uso de tecnologia computacional;(EF02CO06) Reconhecer os cuidados com a segurança no uso de dispositivos computacionais.
Computação;3º ano;Pensamento computacional;Lógica computacional;"(EF03CO01) Associar os valores ""verdadeiro"" e ""falso"" a sentenças lógicas que dizem respeito a situações do dia a dia, fazendo uso de termos que indicam negação."
Computação;3º ano;Pensamento computacional;Algoritmos com repetições condicionais simples;(EF03CO02) Criar e simular algoritmos representados em linguagem oral, escrita ou pictográfica, que incluam sequências e repetições simples com condição (iterações indefinidas), para resolver problemas de forma independente e em colaboração.
Computação;3º ano;Pensamento computacional;Decomposição;(EF03CO03) Aplicar a estratégia de decomposição para resolver problemas complexos, dividindo esse problema em partes menores, resolvendo-as e combinando suas soluções.
Computação;3º ano;Mundo digital;Codificação da informação;(EF03CO04) Relacionar o conceito de informação com o de dado.
Computação;3º ano;Mundo digital;Codificação da informação;(EF03CO05) Compreender que dados são estruturados em formatos específicos dependendo da informação armazenada.
Computação;3º ano;Mundo digital;Interface física;(EF03CO06) Reconhecer que, para um computador realizar tarefas, ele se comunica com o mundo exterior com o uso de interfaces físicas (dispositivos de entrada e saída).
Computação;3º ano;Cultura digital;Uso de tecnologias computacionais;(EF03CO07) Utilizar diferentes navegadores e ferramentas de busca para pesquisar e acessar informações.
Computação;3º ano;Cultura digital;Uso de tecnologias computacionais;(EF03CO08) Usar ferramentas computacionais em situações didáticas para se expressar em diferentes formatos digitais.
Computação;3º ano;Cultura digital;Segurança e responsabilidade no uso da tecnologia;(EF03CO09) Reconhecer o potencial impacto do compartilhamento de informações pessoais ou de seus pares em meio digital.
Computação;4º ano;Pensamento computacional;Matrizes e registros;(EF04CO01) Reconhecer objetos do mundo real e/ou digital que podem ser representados através de matrizes que estabelecem uma organização na qual cada componente está em uma posição definida por coordenadas, fazendo manipulações simples sobre estas representações.
Computação;4º ano;Pensamento computacional;Matrizes e registros;(EF04CO02) Reconhecer objetos do mundo real e/ou digital que podem ser representados através de registros que estabelecem uma organização na qual cada componente é identificado por um nome, fazendo manipulações sobre estas representações.
Computação;4º ano;Pensamento computacional;Algoritmos com repetições simples e aninhadas;(EF04CO03) Criar e simular algoritmos representados em linguagem oral, escrita ou pictográfica, que incluam sequências e repetições simples e aninhadas (iterações definidas e indefinidas), para resolver problemas de forma independente e em colaboração.
Computação;4º ano;Pensamento computacional;Codificação da informação;(EF04CO04) Entender que para guardar, manipular e transmitir dados deve-se codificá-los de alguma forma que seja compreendida pela máquina (formato digital).
Computação;4º ano;Pensamento computacional;Codificação da informação;(EF04CO05) Codificar diferentes informações para representação em computador (binária, ASCII, atributos de pixel, como RGB etc.).
Computação;4º ano;Cultura digital;Uso de tecnologias computacionais;(EF04CO06) Usar diferentes ferramentas computacionais para criação de conteúdo (textos, apresentações, vídeos etc.).
Computação;4º ano;Cultura digital;Segurança e responsabilidade no uso da tecnologia;(EF04CO07) Demonstrar postura ética nas atividades de coleta, transferência, guarda e uso de dados.
Computação;4º ano;Cultura digital;Segurança e responsabilidade no uso da tecnologia;(EF04CO08) Reconhecer a importância de verificar a confiabilidade das fontes de informações obtidas na Internet.
Computação;5º ano;Pensamento computacional;Listas e grafos;(EF05CO01) Reconhecer objetos do mundo real e/ou digital que podem ser representados através de listas que estabelecem uma organização na qual há um número variável de itens dispostos em sequência, fazendo manipulações simples sobre estas representações.
Computação;5º ano;Pensamento computacional;Listas e grafos;(EF05CO02) Reconhecer objetos do mundo real e digital que podem ser representados através de grafos que estabelecem uma organização com uma quantidade variável de vértices conectados por arestas, fazendo manipulações simples sobre estas representações.
Computação;5º ano;Pensamento computacional;Lógica computacional;"(EF05CO03) Realizar operações de negação, conjunção e disjunção sobre sentenças lógicas e valores ""verdadeiro"" e ""falso."""
Computação;5º ano;Pensamento computacional;Algoritmos com seleção condicional;(EF05CO04) Criar e simular algoritmos representados em linguagem oral, escrita ou pictográfica, que incluam sequências, repetições e seleções condicionais para resolver problemas de forma independente e em colaboração.
Computação;5º ano;Mundo digital;Arquitetura de computadores;(EF05CO05) Identificar os componentes principais de um computador (dispositivos de entrada/saída, processadores e armazenamento).
Computação;5º ano;Mundo digital;Armazenamento de dados;(EF05CO06) Reconhecer que os dados podem ser armazenados em um dispositivo local ou remoto.
Computação;5º ano;Mundo digital;Sistema operacional;(EF05CO07) Reconhecer a necessidade de um sistema operacional para a execução de programas e gerenciamento do hardware.
Computação;5º ano;Cultura digital;Segurança e responsabilidade no uso da tecnologia;(EF05CO08) Acessar as informações na Internet de forma crítica para distinguir os conteúdos confiáveis de não confiáveis.
Computação;5º ano;Cultura digital;Segurança e responsabilidade no uso da tecnologia;(EF05CO09) Usar informações considerando aplicações e limites dos direitos autorais em diferentes mídias digitais.
Computação;5º ano;Cultura digital;Uso de tecnologias computacionais;(EF05CO10) Expressar-se crítica e criativamente na compreensão das mudanças tecnológicas no mundo do trabalho e sobre a evolução da sociedade.
Computação;5º ano;Cultura digital;Uso de tecnologias computacionais;(EF05CO011) Identificar a adequação de diferentes tecnologias computacionais na resolução de problemas.
Computação;1º ano, 2º ano, 3º ano, 4º ano, 5º ano;Pensamento computacional;Organização e representação da informação;(EF15CO01) Identificar as principais formas de organizar e representar a informação de maneira estruturada (matrizes, registros, listas e grafos) ou não estruturada (números, palavras, valores verdade).
Computação;1º ano, 2º ano, 3º ano, 4º ano, 5º ano;Pensamento computacional;Algoritmos;(EF15CO02) Construir e simular algoritmos, de forma independente ou em colaboração, que resolvam problemas simples e do cotidiano com uso de sequências, seleções condicionais e repetições de instruções.
Computação;1º ano, 2º ano, 3º ano, 4º ano, 5º ano;Pensamento computacional;Lógica computacional;"(EF15CO03) Realizar operações de negação, conjunção e disjunção sobre sentenças lógicas e valores ""verdadeiro"" e ""falso."""
Computação;1º ano, 2º ano, 3º ano, 4º ano, 5º ano;Pensamento computacional;Decomposição;(EF15CO04) Aplicar a estratégia de decomposição para resolver problemas complexos, dividindo esse problema em partes menores, resolvendo-as e combinando suas soluções.
Computação;1º ano, 2º ano, 3º ano, 4º ano, 5º ano;Mundo digital;Codificação da informação;(EF15CO05) Codificar a informação de diferentes formas, entendendo a importância desta codificação para o armazenamento, manipulação e transmissão em dispositivos computacionais.
Computação;1º ano, 2º ano, 3º ano, 4º ano, 5º ano;Mundo digital;Funcionamento de dispositivos computacionais;(EF15CO06) Conhecer os componentes básicos de dispositivos computacionais, entendendo os princípios de seu funcionamento.
Computação;1º ano, 2º ano, 3º ano, 4º ano, 5º ano;Mundo digital;Sistema Operacional;(EF15CO07) Conhecer o conceito de Sistema Operacional e sua importância na integração entre software e hardware.
Computação;1º ano, 2º ano, 3º ano, 4º ano, 5º ano;Cultura digital;Uso de artefatos computacionais;(EF15CO08) Reconhecer e utilizar tecnologias computacionais para pesquisar e acessar informações, expressar-se crítica e criativamente e resolver problemas.
Computação;1º ano, 2º ano, 3º ano, 4º ano, 5º ano;Cultura digital;Segurança e responsabilidade no uso da tecnologia computacional;(EF15CO09) Entender que as tecnologias devem ser utilizadas de maneira segura, ética e responsável, respeitando direitos autorais, de imagem e as leis vigentes.
